{"":{"language":"ru","plural-forms":"nplurals=2; plural=(n > 1);"}
,"specialaj signoj ne rajtas en pasvorto": "спецсимволы не допускаются в пароле"
,"Ĉi tiu kampo estas deviga": "Это поле обязательно для заполнения"
,"specialaj signoj ne rajtas en la nomo de kamerao": "спецсимволы не допускаются в имени камеры"
,"valoro devas esti multoblo de 8": "значение должно быть кратным 8"
,"specialaj signoj ne rajtas en radika voja nomo": "спецсимволы не допускаются в имени корневого пути"
,"dosieroj ne povas esti kreitaj rekte en la radiko de via sistemo": "файлы не могут быть созданы в корне вашей системы"
,"enigu validan retpoŝtadreson": "введите действительный адрес электронной почты"
,"enigu liston de koma apartaj validaj retpoŝtadresoj": "введите список действительных адресов электронной почты, разделенных запятыми"
,"specialaj signoj ne rajtas en dosiernomo": "спецсимволы не допускаются в имени файла"
,"enigu validan valoron": "введите допустимое значение"
,"Ĉi rekursie forigos ĉiujn dosierojn ĉeestantajn en la nuba dosierujo \"": "Это рекурсивно удалит все файлы в папке облака \""
,"\", ne nur tiuj alŝutitaj de motionEye!": "\", а не только загруженные motionEye!"
,"Ĉi rekursie forigos ĉiujn malnovajn amaskomunikilajn dosierojn en la dosierujo \"": "Это рекурсивно удалит все старые медиа-файлы в папке \""
,"\", ne nur tiuj kreitaj de motionEye!": "\", а не только созданные motionEye!"
,"Ne eblas redakti la maskon sen valida kameraa bildo!": "Невозможно изменить маску без действительного изображения с камеры!"
,"Propra": "Свой"
,"Propra dosierindiko": "Пользовательский путь"
,"Retan kunlokon": "Сетевая папка"
,"Via retumilo ne efektivigas ĉi tiun funkcion!": "Ваш браузер не поддерживает эту функцию!"
,"Apliki": "Применить"
,"Certigu, ke ĉiuj agordaj opcioj validas!": "Убедитесь, что все параметры конфигурации действительны!"
,"Ĉi tio rekomencos la sistemon. Daŭrigi?": "Это перезагрузит систему. Продолжить?"
,"Vere fermiti sistemon?": "Выключить систему?"
,"Malŝaltita": "Выключен"
,"Ĉu vere restartigi ?": "Действительно перезагрузить?"
,"La sistemo rekomencis!": "Система перезапущена!"
,"Bonvolu apliki unue la modifitajn agordojn!": "Сначала примените измененные настройки!"
,"Neniu fotilo por forigi!": "Нет камеры для удаления!"
,"Ĉu forigi kameraon ": "Удалить камеру "
,"motionEye estas ĝisdatigita (aktuala versio: ": "motionEye обновлён (текущая версия: "
,"Nova versio havebla: ": "Доступна новая версия: "
,". Ĝisdatigi?": ". Обновить?"
,"motionEye estis sukcese ĝisdatigita!": "motionEye был успешно обновлен!"
,"Ĝisdatigo malsukcesis!": "Обновление не удалось!"
,"La ĝisdatiga procezo malsukcesis!": "Процесс обновления не удался!"
,"Rezerva dosiero": "Резервный файл"
,"La rezervan dosieron, kiun vi antaŭe elŝutis.": "Файл резервной копии, который вы скачали ранее."
,"Restaŭrigi Agordon": "Восстановить конфигурацию"
,"Restaŭriganta agordon ...": "Восстановление конфигурации ..."
,"La agordo restaŭrigis!": "Конфигурация была восстановлена!"
,"Malsukcesis restaŭri la agordon!": "Не удалось восстановить конфигурацию!"
,"Aliri la alŝutan servon malsukcesis: ": "Не удалось получить доступ к службе загрузки: "
,"Aliri la alŝutan servon sukcesis!": "Доступ к службе загрузки был успешным!"
,"Sciiga retpoŝto fiaskis:": "Оповещение по эл. почте не удалось:"
,"Certiĝu, ke ĉiuj agordaj opcioj estas validaj!": "Убедитесь, что все параметры конфигурации верны!"
,"Sciiga Telegramo fiaskis:": "Оповещение через Telegram не удалось:"
,"Sciiga Telegramo sukcesis!": "Уведомление по Telegram успешно!"
,"Aliro al retdividado fiaskis: ": "Доступ к сетевой папке не удался: "
,"Aliro al retdividado sukcesis!": "Доступ к сетевой папке успешен!"
,"Ĉu vere forigi ĉi tiun dosieron?": "Действительно удалить этот файл?"
,"Ĉu vere forigi ĉiujn bildojn de \"%(group)s\"?": "Действительно удалить все изображения из \"%(group)s\"?"
,"Ĉu vere forigi ĉiujn filmojn de \"%(group)s\"?": "Удалить все видео из \"%(group)s\"?"
,"Ĉu vere forigi ĉiujn ne grupigitajn bildojn?": "Действительно удалить все несгруппированные изображения?"
,"Ĉu vere forigi ĉiujn ne grupigitajn filmojn?": "Действительно удалить все несгруппированные видео?"
,"aldonadi kameraon...": "добавить камеру ..."
,"Uzantnomo": "Имя пользователя"
,"Pasvorto": "Пароль"
,"Memoru min": "Запомнить меня"
,"Ensaluti": "Логин"
,"Nuligi": "Отмена"
,"Vi abortis la filmeton.": "Вы прервали видео."
,"Reto eraro okazis.": "Произошла ошибка сети."
,"Malkodado-eraro aŭ neprogresinta funkcio.": "Ошибка декодирования или неподдерживаемые функции медиа."
,"Formato ne subtenata aŭ neatingebla/netaŭga por ludado.": "Формат не поддерживается или недоступен/не подходит для воспроизведения."
,"Nekonata eraro okazis.": "Произошла неизвестная ошибка."
,"Eraro : ": "Ошибка: "
,"antaŭa bildo": "предыдущее изображение"
,"ludi": "играть"
,"ludi * 5 kaj enĉenigi": "играть * 5 и цепочку"
,"sekva bildo": "следующее изображение"
,"Fermi": "Закрыть"
,"Elŝuti": "Скачать"
,"Forigi": "Удалить"
,"Kamerao tipo": "Тип камеры"
,"Loka V4L2-kamerao": "Локальная камера V4L2"
,"Loka MMAL-kamerao": "Локальная MMAL камера"
,"Reta kamerao": "Сетевая камера"
,"Fora motionEye kamerao": "Удалённая камера motionEye"
,"Simpla MJPEG-kamerao": "Простая MJPEG камера"
,"la speco de kamerao, kiun vi volas aldoni": "тип камеры, которую вы хотите добавить"
,"URL": "URL"
,"http://ekzemplo.com:8765/cams/...": "http://example.com:8765/cams/..."
,"la kameraa URL (ekz. http://ekzemplo.com:8080/cam/)": "URL камеры (например, http://example.com:8080/cam/)"
,"uzantnomo...": "имя пользователя..."
,"la uzantnomo por la URL, se bezonata (ekz. administranto)": "имя пользователя для URL, если требуется (например, admin)"
,"pasvorto...": "пароль..."
,"la pasvorto por la URL, se bezonata": "пароль для URL, если требуется"
,"Kamerao": "Камера"
,"la kameraon, kiun vi volas aldoni": "камера, которую вы хотите добавить"
,"Fora motionEye kamerao estas kameraoj instalitaj malantaŭ alia servilo de MotionEye. Aldonante ilin ĉi tie permesos vin rigardi kaj administri ilin de malproksime.": "Удаленная камера motionEye - это камера, установленная на другом сервером MotionEye. Добавление их здесь позволит вам наблюдать и управлять ими удалённо."
,"Retaj kameraoj (aŭ IP-kameraoj) estas aparatoj, kiuj denaske fluas RTSP/RTMP aŭ MJPEG-filmetojn aŭ simplajn JPEG-bildojn. Konsultu la manlibron de via aparato por ekscii la ĝustan URL RTSP, RTMP, MJPEG aŭ JPEG.": "Сетевые камеры (или IP-камеры) - это устройства, которые изначально передают потоковое видео RTSP/RTMP или MJPEG или простые изображения JPEG. Обратитесь к руководству вашего устройства, чтобы узнать правильный URL RTSP, RTMP, MJPEG или JPEG."
,"Lokaj MMAL-kameraoj estas aparatoj konektitaj rekte al via motionEye-sistemo. Ĉi tiuj estas kutime kart-specifaj kameraoj.": "Локальные MMAL камеры — это устройства, подключенные непосредственно к вашей системе motionEye. Обычно это камеры для определённых плат."
,"Aldonante vian aparaton kiel simplan MJPEG-kameraon anstataŭ kiel retan kameraon plibonigos la fotografaĵon, sed neniu moviĝo-detekto, bilda kaptado aŭ registrado de filmoj estos disponebla por ĝi. La kamerao devas esti alirebla por via servilo kaj via retumilo. Ĉi tiu tipo de kamerao ne kongruas kun Internet Explorer.": "Добавление вашего устройства в качестве простой MJPEG камеры вместо сетевой камеры улучшит частоту кадров, но не будет доступно обнаружение движения, захват изображения или видеозапись. Камера должна быть доступна вашему серверу и вашему браузеру. Этот тип камеры не совместим с Internet Explorer."
,"Lokaj V4L2-kameraoj estas kameraaj aparatoj konektitaj rekte al via motionEye-sistemo, kutime per USB.": "Локальные V4L2 камеры - это камеры, подключенные непосредственно к вашей системе motionEye, обычно через USB."
,"Aldonadi kameraon...": "Добавить камеру ..."
,"Grupo": "Группа"
,"Inkluzivi foton prenitan ĉiun": "Включать фото, сделанные каждые"
,"sekundo": "секунд"
,"5 sekundoj": "5 секунд"
,"10 sekundoj": "10 секунд"
,"30 sekundoj": "30 секунд"
,"minuto": "минут"
,"5 minutoj": "5 минут"
,"10 minutoj": "10 минут"
,"30 minutoj": "30 минут"
,"horo": "час"
,"Elektu la intervalon de tempo inter du elektitaj bildoj.": "Выберите временной интервал между двумя выбранными изображениями."
,"Filmo framfrekvenco": "Частота кадров видео"
,"Elektu kiom rapide vi volas ke la akselita video estu.": "Выберите, насколько быстрый таймлапс вы хотите."
,"Konsiderante la grandan nombron da bildoj, krei vian video povus daŭri iom da tempo!": "Учитывая большое количество изображений, создание таймлапса может занять некоторое время!"
,"Krei akselita video": "Создать таймлапс"
,"Filmo kreanta en progreso...": "Создание таймлапса..."
,"Zipitaj": "Архив"
,"Akselita video": "Таймлапс"
,"Forigi ĉiujn": "Удалить всё"
,"Bildoj prenitaj de ": "Снимки сделаны "
,"Filmoj registritaj de ": "Видео записаны "
,"montru ĉi tiun fotilon plenekranan": "Показать эту камеру на весь экран"
,"montri ĉiujn fotilojn": "Показать все камеры"
,"montru nur ĉi tiun fotilon": "Показать только эту камеру"
,"malfermaj bildoj retumilo": "открыть браузер изображений"
,"malferma videoj retumilo": "открыть браузер видео"
,"agordi ĉi tiun kameraon": "настроить эту камеру"
,"preni instantaron": "сделать снимок"
,"Vi ankoraŭ ne agordis iun kameraon. Alklaku ĉi tie por aldoni unu ...": "Вы еще не настроили ни одной камеры. Нажмите здесь, чтобы добавить..."
,"enigu pozitivan nombron": "введите положительное число"
,"enigu pozitivan entjeran nombron": "введите положительное целое число"
,"enigu nombron": "введите число"
,"enigu entjeran nombron": "введите целое число"
," inter ": " между "
," kaj ": " и "
," pli ol ": " больше чем "
," malpli ol ": " меньше чем "
,"enigu validan tempon en la sekva formato: HH:MM": "введите правильное время в следующем формате: ЧЧ:ММ"
,"enigu validan URL (ekz. http://ekzemplo.com:8080/cams/)": "введите действительный URL (например, http://example.com:8080/cams/)"
,"fermi": "закрыть"
,"Ne": "Нет"
,"Jes": "Да"
,"Bone": "OK"
,"Auto Exposure": "Автоматическая экспозиция"
,"Backlight Compensation": "Компенсация подсветки"
,"Brightness": "Яркость"
,"Contrast": "Контраст"
,"Exposure Absolute": "Абсолютная экспозиция"
,"Exposure Auto": "Автоматическая экспозиция"
,"Exposure Auto Priority": "Автоматический приоритет экспозиции"
,"Exposure Time Absolute": "Абсолютное время экспозиции"
,"Focus Absolute": "Абсолютный фокус"
,"Focus Auto": "Авто фокус"
,"Gain": "Усиление"
,"Gamma": "Гамма"
,"Hue": "Оттенок"
,"Led1 Mode": "Режим Led1"
,"Led1 Frequency": "Частота Led1"
,"Pan Absolute": "Абсолютное панарамирование"
,"Power Line Frequency": "Частота линии"
,"Saturation": "Насыщенность"
,"Sharpness": "Чёткость"
,"Tilt Absolute": "Абсолютный наклон"
,"White Balance Temperature": "Температура баланса белого"
,"White Balance Temperature Auto": "Авто температура баланса белого"
,"Zoom Absolute": "Абсолютный зум"
}
