{"":{"language":"ko","plural-forms":"nplurals=2; plural=(n > 1);"}
,"specialaj signoj ne rajtas en pasvorto": "암호에 특수문자는 사용할 수 없습니다"
,"Ĉi tiu kampo estas deviga": "필수 항목입니다"
,"specialaj signoj ne rajtas en la nomo de kamerao": "카메라 이름에 특수문자는 사용할 수 없습니다"
,"valoro devas esti multoblo de 8": "값은 8의 배수여야 합니다"
,"specialaj signoj ne rajtas en radika voja nomo": "root 디렉토리 이름에 특수문자를 사용할 수 없습니다"
,"dosieroj ne povas esti kreitaj rekte en la radiko de via sistemo": "시스템의 root에 바로 파일을 생성할 수 없습니다"
,"enigu validan retpoŝtadreson": "유효한 이메일 주소를 입력하세요"
,"enigu liston de koma apartaj validaj retpoŝtadresoj": "쉼표로 구분된 유효한 이메일 주소 목록을 입력하세요"
,"specialaj signoj ne rajtas en dosiernomo": "파일명에 특수문자를 사용할 수 없습니다"
,"enigu validan valoron": "유효한 값을 입력하세요"
,"Ĉi rekursie forigos ĉiujn dosierojn ĉeestantajn en la nuba dosierujo \"": "다음 클라우드 폴더 내의 모든 파일을 지우게 됩니다: \""
,"\", ne nur tiuj alŝutitaj de motionEye!": "\" motionEye에서 업로드된 것이 아니어도 말이죠!"
,"Ĉi rekursie forigos ĉiujn malnovajn amaskomunikilajn dosierojn en la dosierujo \"": "다음 폴더 내의 모든 오래된 미디어 파일을 지울 것입니다: \""
,"\", ne nur tiuj kreitaj de motionEye!": "\" motionEye에서 생성된 것이 아니어도 말이죠!"
,"Ne eblas redakti la maskon sen valida kameraa bildo!": "유효한 카메라 이미지 없이는 마스크를 수정할 수 없습니다!"
,"Propra": "커스텀"
,"Propra dosierindiko": "커스텀 경로"
,"Retan kunlokon": "네트워크 공유"
,"Via retumilo ne efektivigas ĉi tiun funkcion!": "이 브라우저는 이 기능을 지원하지 않습니다!"
,"Apliki": "적용"
,"Certigu, ke ĉiuj agordaj opcioj validas!": "모든 옵션이 유효한지 확실히 해주세요!"
,"Ĉi tio rekomencos la sistemon. Daŭrigi?": "시스템을 재시작하게 됩니다. 계속할까요?"
,"Vere fermiti sistemon?": "정말 종료할까요?"
,"Malŝaltita": "전원 꺼짐"
,"Ĉu vere restartigi ?": "정말 재시작할까요?"
,"La sistemo rekomencis!": "시스템이 다시 시작됐습니다!"
,"Bonvolu apliki unue la modifitajn agordojn!": "우선 수정된 설정을 적용해주세요!"
,"Neniu fotilo por forigi!": "제거할 카메라가 없습니다!"
,"Ĉu forigi kameraon ": "카메라 제거 "
,"motionEye estas ĝisdatigita (aktuala versio: ": "motionEye가 최신 버전입니다 (현재 버전: "
,"Nova versio havebla: ": "새 버전을 사용할 수 있습니다: "
,". Ĝisdatigi?": ". 업데이트할까요?"
,"motionEye estis sukcese ĝisdatigita!": "motionEye가 성공적으로 업데이트되었습니다!"
,"Ĝisdatigo malsukcesis!": "업데이트에 실패했습니다!"
,"La ĝisdatiga procezo malsukcesis!": "업데이트 처리에 실패했습니다!"
,"Rezerva dosiero": "백업 파일"
,"La rezervan dosieron, kiun vi antaŭe elŝutis.": "이전에 다운로드한 백업 파일입니다."
,"Restaŭrigi Agordon": "설정 복원"
,"Restaŭriganta agordon ...": "설정 복원 중..."
,"La agordo restaŭrigis!": "설정이 복원되었습니다!"
,"Malsukcesis restaŭri la agordon!": "설정 복원에 실패했습니다!"
,"Aliri la alŝutan servon malsukcesis: ": "업로드 서비스 접근에 실패했습니다: "
,"Aliri la alŝutan servon sukcesis!": "업로드 서비스 연결에 성공했습니다!"
,"Sciiga retpoŝto fiaskis:": "알림 이메일 전송에 실패했습니다:"
,"Certiĝu, ke ĉiuj agordaj opcioj estas validaj!": "모든 설정 값이 유효한지 확실히 해주세요!"
,"Sciiga Telegramo fiaskis:": "텔레그램 알림 실패:"
,"Sciiga Telegramo sukcesis!": "텔레그램 알림 성공!"
,"Aliro al retdividado fiaskis: ": "네트워크 공유 접근에 실패했습니다: "
,"Aliro al retdividado sukcesis!": "네트워크 공유 접근에 성공했습니다!"
,"Ĉu vere forigi ĉi tiun dosieron?": "이 파일을 정말 삭제할까요?"
,"Ĉu vere forigi ĉiujn bildojn de \"%(group)s\"?": "정말 \"%(group)\"의 모든 사진을 삭제할까요?"
,"Ĉu vere forigi ĉiujn filmojn de \"%(group)s\"?": "정말 \"%(group)\"의 모든 영상을 삭제할까요?"
,"Ĉu vere forigi ĉiujn ne grupigitajn bildojn?": "정말 그룹에 속하지 않은 모든 사진을 삭제할까요?"
,"Ĉu vere forigi ĉiujn ne grupigitajn filmojn?": "정말 그룹에 속하지 않은 모든 영상을 삭제할까요?"
,"aldonadi kameraon...": "카메라 추가..."
,"Uzantnomo": "사용자 이름"
,"Pasvorto": "암호"
,"Memoru min": "기억하기"
,"Ensaluti": "로그인"
,"Nuligi": "취소"
,"Vi abortis la filmeton.": "영상을 취소했습니다."
,"Reto eraro okazis.": "네트워크 오류가 발생했습니다."
,"Malkodado-eraro aŭ neprogresinta funkcio.": "미디어를 디코딩 중 오류가 발생했거나 지원되지 않는 미디어입니다."
,"Formato ne subtenata aŭ neatingebla/netaŭga por ludado.": "지원되지 않는 형식이거나, 재생에 적합하지 않거나, 접근이 불가능합니다."
,"Nekonata eraro okazis.": "알 수 없는 오류가 발생했습니다."
,"Eraro : ": "오류: "
,"antaŭa bildo": "이전 사진"
,"ludi": "재생"
,"ludi * 5 kaj enĉenigi": "5개 재생 및 연속"
,"sekva bildo": "다음 사진"
,"Fermi": "닫기"
,"Elŝuti": "다운로드"
,"Forigi": "제거"
,"Kamerao tipo": "카메라 종류"
,"Loka V4L2-kamerao": "로컬 V4L2 카메라"
,"Loka MMAL-kamerao": "로컬 MMAL 카메라"
,"Reta kamerao": "네트워크 카메라"
,"Fora motionEye kamerao": "원격 motionEye 카메라"
,"Simpla MJPEG-kamerao": "단순 MJPEG 카메라"
,"la speco de kamerao, kiun vi volas aldoni": "추가할 카메라의 종류"
,"URL": "URL"
,"http://ekzemplo.com:8765/cams/...": "http://example.com:8765/cams/..."
,"la kameraa URL (ekz. http://ekzemplo.com:8080/cam/)": "카메라 URL (예: http://example.com:8080/cams/)"
,"uzantnomo...": "사용자 이름..."
,"la uzantnomo por la URL, se bezonata (ekz. administranto)": "필요할 경우, URL에 사용할 사용자 이름 (예: admin)"
,"pasvorto...": "암호..."
,"la pasvorto por la URL, se bezonata": "필요할 경우, URL을 위한 암호"
,"Kamerao": "카메라"
,"la kameraon, kiun vi volas aldoni": "추가하려는 카메라"
,"Fora motionEye kamerao estas kameraoj instalitaj malantaŭ alia servilo de MotionEye. Aldonante ilin ĉi tie permesos vin rigardi kaj administri ilin de malproksime.": "원격 motionEye카메라는 다른 motionEye 서버에 연결된 카메라로, 이 곳에 추가하여 멀리 떨어진 곳에 있는 카메라도 보고 관리할 수 있습니다."
,"Retaj kameraoj (aŭ IP-kameraoj) estas aparatoj, kiuj denaske fluas RTSP/RTMP aŭ MJPEG-filmetojn aŭ simplajn JPEG-bildojn. Konsultu la manlibron de via aparato por ekscii la ĝustan URL RTSP, RTMP, MJPEG aŭ JPEG.": "네트워크 카메라(또는 IP카메라)는 RTSP/RTMP 또는 MJPEG형식의 영상이나 JPEG 이미지를 자체적으로 송출합니다. 정확한 RTSP, RTMP, MJPEG 또는 JPEG URL은 각 장치의 설명서를 참조하십시오."
,"Lokaj MMAL-kameraoj estas aparatoj konektitaj rekte al via motionEye-sistemo. Ĉi tiuj estas kutime kart-specifaj kameraoj.": "로컬 MMAL 카메라는 이 motionEye 시스템에 직결된 장치로, 대개 특정 보드 전용 카메라입니다."
,"Aldonante vian aparaton kiel simplan MJPEG-kameraon anstataŭ kiel retan kameraon plibonigos la fotografaĵon, sed neniu moviĝo-detekto, bilda kaptado aŭ registrado de filmoj estos disponebla por ĝi. La kamerao devas esti alirebla por via servilo kaj via retumilo. Ĉi tiu tipo de kamerao ne kongruas kun Internet Explorer.": "네트워크 카메라 대신 MJPEG 카메라로 장치를 추가할 경우 초당 프레임 수는 증가하지만 움직임 감지, 사진 캡쳐와 영상 녹화는 사용할 수 없게 됩니다. 카메라는 서버와 브라우저에서 볼 수 있습니다. 이 형식의 카메라는 Internet Explorer에서 사용할 수 없습니다."
,"Lokaj V4L2-kameraoj estas kameraaj aparatoj konektitaj rekte al via motionEye-sistemo, kutime per USB.": "로컬 V4L2 카메라는 motionEye 시스템에 직결된 카메라로, 대개 USB로 연결됩니다."
,"Aldonadi kameraon...": "카메라 추가..."
,"Grupo": "그룹"
,"Inkluzivi foton prenitan ĉiun": "매 X마다 찍힌 사진 포함"
,"sekundo": "초"
,"5 sekundoj": "5초"
,"10 sekundoj": "10초"
,"30 sekundoj": "30초"
,"minuto": "1분"
,"5 minutoj": "5분"
,"10 minutoj": "10분"
,"30 minutoj": "30분"
,"horo": "1시간"
,"Elektu la intervalon de tempo inter du elektitaj bildoj.": "선택된 두 사진 사이의 시간 간격을 선택하세요."
,"Filmo framfrekvenco": "영상 초당 프레임 수"
,"Elektu kiom rapide vi volas ke la akselita video estu.": "타임랩스 재생 속도를 선택하세요."
,"Konsiderante la grandan nombron da bildoj, krei vian video povus daŭri iom da tempo!": "선택된 사진 수가 많으면 타임랩스 생성에 시간이 좀 걸릴 수 있습니다!"
,"Krei akselita video": "타임랩스 영상 만들기"
,"Filmo kreanta en progreso...": "타임랩스 영상 만드는 중..."
,"Zipitaj": "압축됨"
,"Akselita video": "타임랩스"
,"Forigi ĉiujn": "전체 삭제"
,"Bildoj prenitaj de ": "사진 촬영자: "
,"Filmoj registritaj de ": "영상 촬영자: "
,"montru ĉi tiun fotilon plenekranan": "카메라 전체화면으로 보기"
,"montri ĉiujn fotilojn": "전체 카메라 보기"
,"montru nur ĉi tiun fotilon": "이 카메라만 보기"
,"malfermaj bildoj retumilo": "사진 탐색기 열기"
,"malferma videoj retumilo": "영상 탐색기 보기"
,"agordi ĉi tiun kameraon": "이 카메라 설정"
,"preni instantaron": "스냅샷 촬영"
,"Vi ankoraŭ ne agordis iun kameraon. Alklaku ĉi tie por aldoni unu ...": "설정된 카메라가 없습니다. 여기를 클릭해서 생성하세요."
,"enigu pozitivan nombron": "0보다 큰 수 입력"
,"enigu pozitivan entjeran nombron": "0보다 큰 정수 입력"
,"enigu nombron": "수 입력"
,"enigu entjeran nombron": "정수 입력"
," inter ": " 사이 "
," kaj ": " 와(과) "
," pli ol ": " 초과 "
," malpli ol ": " 미만 "
,"enigu validan tempon en la sekva formato: HH:MM": "MM 형식으로 유효한 시간 입력"
,"enigu validan URL (ekz. http://ekzemplo.com:8080/cams/)": "유효한 URL 입력 (예: http://example.com:8080/cams/)"
,"fermi": "닫기"
,"Ne": "아니오"
,"Jes": "예"
,"Bone": "확인"
,"Auto Exposure": "자동 노출"
,"Backlight Compensation": "후광 보정"
,"Brightness": "밝기"
,"Contrast": "대비"
,"Exposure Absolute": "절대 노출"
,"Exposure Auto": "노출 자동"
,"Exposure Auto Priority": "자동 노출 우선순위"
,"Exposure Time Absolute": "절대 노출 시간"
,"Focus Absolute": "절대 초점"
,"Focus Auto": "자동 초점"
,"Gain": "얻다"
,"Gamma": "감마"
,"Hue": "색조"
,"Led1 Mode": "LED1 모드"
,"Led1 Frequency": "LED1 빈도"
,"Pan Absolute": "절대 팬(Pan)"
,"Power Line Frequency": "전원 주파수"
,"Saturation": "채도"
,"Sharpness": "선명도"
,"Tilt Absolute": "절대 기울기"
,"White Balance Temperature": "화이트밸런스 온도"
,"White Balance Temperature Auto": "자동 화이트밸런스 온도"
,"Zoom Absolute": "절대 확대"
}
