{"":{"language":"el","plural-forms":"nplurals=2; plural=(n > 1);"}
,"specialaj signoj ne rajtas en pasvorto": "δεν επιτρέπονται ειδικοί χαρακτήρες στον κωδικό"
,"Ĉi tiu kampo estas deviga": "Αυτό το πεδίο είναι υποχρεωτικό"
,"specialaj signoj ne rajtas en la nomo de kamerao": "δεν επιτρέπονται ειδικοί χαρακτήρες στο όνομα της κάμερας"
,"valoro devas esti multoblo de 8": "η τιμή πρέπει να είναι πολλαπλάσια του 8"
,"specialaj signoj ne rajtas en radika voja nomo": "ειδικοί χαρακτήρες δεν επιτρέπονται στο όνομα του ριζικού φακέλου"
,"dosieroj ne povas esti kreitaj rekte en la radiko de via sistemo": "αρχεία δεν μπορούν να δημιουργηθούν κατευθείαν στο root του συστήματός σας"
,"enigu validan retpoŝtadreson": "εισάγετε μια έγκυρη διεύθυνση ηλεκτρονικού ταχυδρομείου"
,"enigu liston de koma apartaj validaj retpoŝtadresoj": "εισάγετε μια λίστα με έγκυρες, διαχωρισμένες με κόμμα, διευθύνσεις ηλεκτρονικού ταχυδρομείου"
,"specialaj signoj ne rajtas en dosiernomo": "ειδικοί χαρακτήρες δεν επιτρέπονται στο όνομα του αρχείου"
,"enigu validan valoron": "εισάγετε μια έγκυρη τιμή"
,"Ĉi rekursie forigos ĉiujn dosierojn ĉeestantajn en la nuba dosierujo \"": "Αυτό θα διαγράψει όλα τα αρχεία και τους υποφακέλους που βρίσκονται στον cloud φάκελο \""
,"\", ne nur tiuj alŝutitaj de motionEye!": "\", όχι μόνο αυτά που έχουν ανέβει από το motionEye!"
,"Ĉi rekursie forigos ĉiujn malnovajn amaskomunikilajn dosierojn en la dosierujo \"": "Αυτό θα διαγράψει όλα τα παλιά αρχεία πολυμέσων που βρίσκονται στο φάκελο και στους υποφακέλους του \""
,"\", ne nur tiuj kreitaj de motionEye!": "\", όχι μόνο αυτά που δημιουργήθηκαν από το motionEye!"
,"Ne eblas redakti la maskon sen valida kameraa bildo!": "Δεν μπορείτε να επεξεργαστείτε τη μάσκα χωρίς μια έγκυρη εικόνα από την κάμερα!"
,"Propra": "Προσαρμοσμένες"
,"Propra dosierindiko": "Προσαρμοσμένη διαδρομή"
,"Retan kunlokon": "Κοινόχρηστο Δικτύου"
,"Via retumilo ne efektivigas ĉi tiun funkcion!": "Ο περιηγητής σας δεν υλοποιεί αυτήν τη λειτουργία!"
,"Apliki": "Εφαρμογή"
,"Certigu, ke ĉiuj agordaj opcioj validas!": "Βεβαιωθείτε ότι όλες οι επιλογές παραμετροποίησης είναι έγκυρες!"
,"Ĉi tio rekomencos la sistemon. Daŭrigi?": "Αυτό θα επανεκκινήσει το σύστημα. Συνέχεια;"
,"Vere fermiti sistemon?": "Πραγματικά θέλετε να γίνει τερματισμός;"
,"Malŝaltita": "Απενεργοποιημένο"
,"Ĉu vere restartigi ?": "Πραγματικά θέλετε να γίνει επανεκκίνηση;"
,"La sistemo rekomencis!": "Το σύστημα επανεκκινήθηκε!"
,"Bonvolu apliki unue la modifitajn agordojn!": "Παρακαλώ εφαρμόστε πρώτα τις τροποποιημένες ρυθμίσεις!"
,"Neniu fotilo por forigi!": "Δεν υπάρχει κάμερα για αφαίρεση!"
,"Ĉu forigi kameraon ": "Αφαίρεση κάμερας "
,"motionEye estas ĝisdatigita (aktuala versio: ": "Το motionEye είναι ενημερωμένο (τρέχουσα έκδοση: "
,"Nova versio havebla: ": "Νέα έκδοση διαθέσιμη: "
,". Ĝisdatigi?": ". Ενημέρωση;"
,"motionEye estis sukcese ĝisdatigita!": "Το motionEye ενημερώθηκε με επιτυχία!"
,"Ĝisdatigo malsukcesis!": "Η ενημέρωση απέτυχε!"
,"La ĝisdatiga procezo malsukcesis!": "Η διαδικασία ενημέρωσης απέτυχε!"
,"Rezerva dosiero": "Αρχείο Αντιγράφου Ασφαλείας"
,"La rezervan dosieron, kiun vi antaŭe elŝutis.": "το αρχείο αντιγράφου ασφαλείας που κάνατε πριν λήψη."
,"Restaŭrigi Agordon": "Επαναφορά Ρυθμίσεων"
,"Restaŭriganta agordon ...": "Γίνεται επαναφορά ρυθμίσεων..."
,"La agordo restaŭrigis!": "Η επαναφορά ρυθμίσεων έγινε!"
,"Malsukcesis restaŭri la agordon!": "Αποτυχία επαναφοράς ρυθμίσεων!"
,"Aliri la alŝutan servon malsukcesis: ": "Αποτυχία πρόσβασης στην υπηρεσία μεταφόρτωσης: "
,"Aliri la alŝutan servon sukcesis!": "Επιτυχής πρόσβαση στην υπηρεσία μεταφόρτωσης!"
,"Sciiga retpoŝto fiaskis:": "Ειδοποίηση ηλ. ταχυδρομείου απέτυχε:"
,"Certiĝu, ke ĉiuj agordaj opcioj estas validaj!": "Βεβαιωθείτε ότι όλες οι επιλογές παραμετροποίησης είναι έγκυρες!"
,"Sciiga Telegramo fiaskis:": "Ειδοποίηση μέσω Telegram απέτυχε:"
,"Sciiga Telegramo sukcesis!": "Ειδοποίηση μέσω Telegram επιτυχής!"
,"Aliro al retdividado fiaskis: ": "Αποτυχία πρόσβασης στο κοινόχρηστο δικτύου: "
,"Aliro al retdividado sukcesis!": "Η πρόσβαση στο κοινόχρηστο δικτύου ήταν επιτυχής!"
,"Ĉu vere forigi ĉi tiun dosieron?": "Πραγματικά διαγραφή αυτού του αρχείου;"
,"Ĉu vere forigi ĉiujn bildojn de \"%(group)s\"?": "Πραγματικά διαγραφή όλων των εικόνων από τα \"%(group)s\";"
,"Ĉu vere forigi ĉiujn filmojn de \"%(group)s\"?": "Πραγματικά αφαίρεση όλων των βίντεο από τα \"%(group)s\";"
,"Ĉu vere forigi ĉiujn ne grupigitajn bildojn?": "Πραγματικά διαγραφή όλων των μη ομαδοποιημένων εικόνων;"
,"Ĉu vere forigi ĉiujn ne grupigitajn filmojn?": "Πραγματικά διαγραφή όλων τη μη ομαδοποιημένων βίντεο;"
,"aldonadi kameraon...": "προσθήκη κάμερας..."
,"Uzantnomo": "Όνομα Χρήστη"
,"Pasvorto": "Κωδικός Πρόσβασης"
,"Memoru min": "Να με θυμάσαι"
,"Ensaluti": "Σύνδεση"
,"Nuligi": "Άκυρο"
,"Vi abortis la filmeton.": "Ματαιώσατε το βίντεο."
,"Reto eraro okazis.": "Προέκυψε ένα σφάλμα δικτύου."
,"Malkodado-eraro aŭ neprogresinta funkcio.": "Σφάλμα αποκωδικοποίησης ή μη υποστηριζόμενα χαρακτηριστικά πολυμέσων."
,"Formato ne subtenata aŭ neatingebla/netaŭga por ludado.": "Η μορφή δεν υποστηρίζεται ή μη προσβάσιμη/ακατάλληλη για αναπαραγωγή."
,"Nekonata eraro okazis.": "Προέκυψε άγνωστο σφάλμα."
,"Eraro : ": "Σφάλμα: "
,"antaŭa bildo": "προηγούμενη εικόνα"
,"ludi": "αναπαραγωγή"
,"ludi * 5 kaj enĉenigi": "για να παίξετε * 5 και να μπείτε"
,"sekva bildo": "επόμενη εικόνα"
,"Fermi": "Κλείσιμο"
,"Elŝuti": "Λήψη"
,"Forigi": "Αφαίρεση"
,"Kamerao tipo": "Τύπος Κάμερας"
,"Loka V4L2-kamerao": "Τοπική V4L2-Κάμερα"
,"Loka MMAL-kamerao": "Τοπική MMAL Κάμερα"
,"Reta kamerao": "Δικτυακή Κάμερα"
,"Fora motionEye kamerao": "Απομακρυσμένη Κάμερα motionEye"
,"Simpla MJPEG-kamerao": "Απλή MJPEG-Κάμερα"
,"la speco de kamerao, kiun vi volas aldoni": "ο τύπος της κάμερας που θέλετε να προσθέσετε"
,"URL": "URL"
,"http://ekzemplo.com:8765/cams/...": "http://example.com:8765/cams/..."
,"la kameraa URL (ekz. http://ekzemplo.com:8080/cam/)": "το URL της κάμερας (π.χ. http://example.com:8080/cam/)"
,"uzantnomo...": "όνομα χρήστη..."
,"la uzantnomo por la URL, se bezonata (ekz. administranto)": "το όνομα χρήστη για το URL, αν χρειάζεται (π.χ. admin)"
,"pasvorto...": "κωδικός πρόσβασης..."
,"la pasvorto por la URL, se bezonata": "ο κωδικός για το URL, αν χρειάζεται"
,"Kamerao": "Κάμερα"
,"la kameraon, kiun vi volas aldoni": "η κάμερα που θέλετε να προσθέσετε"
,"Fora motionEye kamerao estas kameraoj instalitaj malantaŭ alia servilo de MotionEye. Aldonante ilin ĉi tie permesos vin rigardi kaj administri ilin de malproksime.": "Οι απομακρυσμένες κάμερες motionEye είναι κάμερες που είναι εγκατεστημένες σε κάποιον άλλο διακομιστή motionEye. Προστίθοντάς τες εδώ θα σας επιτρέψει να τις βλέπετε και να τις διαχειρίζεστε απομακρυσμένα."
,"Retaj kameraoj (aŭ IP-kameraoj) estas aparatoj, kiuj denaske fluas RTSP/RTMP aŭ MJPEG-filmetojn aŭ simplajn JPEG-bildojn. Konsultu la manlibron de via aparato por ekscii la ĝustan URL RTSP, RTMP, MJPEG aŭ JPEG.": "Οι δικτυακές κάμερες (ή IP κάμερες) είναι συσκευές που εγγενώς στριμάρουν RTSP/RTMP ή MJPEG βίντεο ή απλές εικόνες JPEG. Συμβουλευτείτε το εγχειρίδιο της συσκευής σας για να βρείτε το σωστό RTSP, RTMP, MJPEG ή JPEG URL."
,"Lokaj MMAL-kameraoj estas aparatoj konektitaj rekte al via motionEye-sistemo. Ĉi tiuj estas kutime kart-specifaj kameraoj.": "Οι τοπικές MMAL κάμερες είναι συσκευές που είναι απευθείας συνδεμένες με το σύστημα motionEye. Αυτές συνήθως είναι συγκεκριμένες για τη συσκευή/μητρική σας."
,"Aldonante vian aparaton kiel simplan MJPEG-kameraon anstataŭ kiel retan kameraon plibonigos la fotografaĵon, sed neniu moviĝo-detekto, bilda kaptado aŭ registrado de filmoj estos disponebla por ĝi. La kamerao devas esti alirebla por via servilo kaj via retumilo. Ĉi tiu tipo de kamerao ne kongruas kun Internet Explorer.": "Προσθέτοντας τη συσκευή σας σαν απλή κάμερα MJPEG αντί για δικτυακή κάμερα θα βελτιώσει την ταχύτητα των καρέ, αλλά δεν θα είναι για αυτήν διαθέσιμα ανίχνευση κίνησης, λήψη εικόνων και καταγραφή βίντεο. Η κάμερα πρέπει να είναι προσβάσιμη και από το διακομιστή αλλά και από τον περιηγητή σας. Αυτού του τύπου η κάμερα δεν είναι συμβατή με τον Internet Explorer."
,"Lokaj V4L2-kameraoj estas kameraaj aparatoj konektitaj rekte al via motionEye-sistemo, kutime per USB.": "Οι τοπικές κάμερες V4L2 είναι συσκευές κάμερας που συνδέονται απευθείας με το σύστημα MotionEye, συνήθως μέσω USB."
,"Aldonadi kameraon...": "Προσθέστε μια κάμερα ..."
,"Grupo": "Μία ομάδα"
,"Inkluzivi foton prenitan ĉiun": "Συμπεριλάβετε μια φωτογραφία που τραβήχτηκε το καθένα"
,"sekundo": "ένα δεύτερο"
,"5 sekundoj": "5 δευτερόλεπτα"
,"10 sekundoj": "10 δευτερόλεπτα"
,"30 sekundoj": "30 δευτερόλεπτα"
,"minuto": "λεπτό"
,"5 minutoj": "5 λεπτά"
,"10 minutoj": "10 λεπτά"
,"30 minutoj": "30 λεπτά"
,"horo": "ώρα"
,"Elektu la intervalon de tempo inter du elektitaj bildoj.": "Επιλέξτε το εύρος του χρόνου μεταξύ δύο επιλεγμένων εικόνων."
,"Filmo framfrekvenco": "Ρυθμός καρέ"
,"Elektu kiom rapide vi volas ke la akselita video estu.": "Επιλέξτε πόσο γρήγορα θέλετε να είναι το ένοπλο βίντεο."
,"Konsiderante la grandan nombron da bildoj, krei vian video povus daŭri iom da tempo!": "Λαμβάνοντας υπόψη τον μεγάλο αριθμό εικόνων, η δημιουργία του βίντεό σας θα μπορούσε να πάρει κάποιο χρόνο!"
,"Krei akselita video": "Δημιουργήστε ένα ένοπλο βίντεο"
,"Filmo kreanta en progreso...": "Κινηματογραφική ταινία σε εξέλιξη ..."
,"Zipitaj": "Φερμουάρ"
,"Akselita video": "Έμφυτο βίντεο"
,"Forigi ĉiujn": "Αφαίρεση όλων"
,"Bildoj prenitaj de ": "Εικόνες που λαμβάνονται από"
,"Filmoj registritaj de ": "Ταινίες που καταγράφηκαν από"
,"montru ĉi tiun fotilon plenekranan": "Δείξτε αυτήν την κάμερα πλήρη -Screen"
,"montri ĉiujn fotilojn": "Δείξτε όλες τις κάμερες"
,"montru nur ĉi tiun fotilon": "Εμφάνιση μόνο αυτής της κάμερας"
,"malfermaj bildoj retumilo": "Ανοίξτε το πρόγραμμα περιήγησης"
,"malferma videoj retumilo": "Ανοίξτε το πρόγραμμα περιήγησης βίντεο"
,"agordi ĉi tiun kameraon": "Ορίστε αυτήν την κάμερα"
,"preni instantaron": "Για να πάρετε μια στιγμή"
,"Vi ankoraŭ ne agordis iun kameraon. Alklaku ĉi tie por aldoni unu ...": "Δεν έχετε ρυθμίσει ακόμα καμία κάμερα. Κάντε κλικ εδώ για να προσθέσετε ένα ..."
,"enigu pozitivan nombron": "Εισαγάγετε έναν θετικό αριθμό"
,"enigu pozitivan entjeran nombron": "Εισαγάγετε έναν θετικό ακέραιο αριθμό"
,"enigu nombron": "Εισαγάγετε έναν αριθμό"
,"enigu entjeran nombron": "Εισαγάγετε έναν ακέραιο αριθμό"
," inter ": "μεταξύ"
," kaj ": "και"
," pli ol ": "περισσότερο από"
," malpli ol ": "λιγότερο από"
,"enigu validan tempon en la sekva formato: HH:MM": "Εισαγάγετε έναν έγκυρο χρόνο στην ακόλουθη μορφή: HH: mm"
,"enigu validan URL (ekz. http://ekzemplo.com:8080/cams/)": "Εισαγάγετε μια έγκυρη διεύθυνση URL (π.χ. http://ekzemplo.com:8080/cams/)"
,"fermi": "να κλείσω"
,"Ne": "Οχι"
,"Jes": "Ναί"
,"Bone": "Εντάξει"
,"Auto Exposure": "Αυτόματη έκθεση"
,"Backlight Compensation": "Αντιστάθμιση οπίσθιου φωτισμού"
,"Brightness": "Λάμψη"
,"Contrast": "Αντίθεση"
,"Exposure Absolute": "Έκθεση απολύτως"
,"Exposure Auto": "Εκθέσεις αυτοκινήτων"
,"Exposure Auto Priority": "Προτεραιότητα αυτόματης έκθεσης"
,"Exposure Time Absolute": "Ο χρόνος έκθεσης απολύτως"
,"Focus Absolute": "Επικεντρώνεται απολύτως"
,"Focus Auto": "Εστίαση αυτοκινήτων"
,"Gain": "Κέρδος"
,"Gamma": "Γάμμα"
,"Hue": "Απόχρωση"
,"Led1 Mode": "Λειτουργία LED1"
,"Led1 Frequency": "Συχνότητα LED1"
,"Pan Absolute": "Παναγιά απολύτως"
,"Power Line Frequency": "Συχνότητα γραμμής ισχύος"
,"Saturation": "Κορεσμός"
,"Sharpness": "Οξύτητα"
,"Tilt Absolute": "Κλίση απολύτως"
,"White Balance Temperature": "Θερμοκρασία ισορροπίας λευκού"
,"White Balance Temperature Auto": "Θερμοκρασία ισορροπίας λευκού"
,"Zoom Absolute": "Μεγέθυνση απολύτως"
}
