{"":{"language":"en","plural-forms":"nplurals=2; plural=(n > 1);"}
,"specialaj signoj ne rajtas en pasvorto": "special characters are not allowed in password"
,"Ĉi tiu kampo estas deviga": "This field is required"
,"specialaj signoj ne rajtas en la nomo de kamerao": "special characters are not allowed in camera's name"
,"valoro devas esti multoblo de 8": "value must be a multiple of 8"
,"specialaj signoj ne rajtas en radika voja nomo": "special characters are not allowed in root directory name"
,"dosieroj ne povas esti kreitaj rekte en la radiko de via sistemo": "files cannot be created directly on the root of your system"
,"enigu validan retpoŝtadreson": "enter a valid email address"
,"enigu liston de koma apartaj validaj retpoŝtadresoj": "enter a list of comma-separated valid email addresses"
,"specialaj signoj ne rajtas en dosiernomo": "special characters are not allowed in filename"
,"enigu validan valoron": "enter a valid value"
,"Ĉi rekursie forigos ĉiujn dosierojn ĉeestantajn en la nuba dosierujo \"": "This will recursively remove all files present in the cloud folder \""
,"\", ne nur tiuj alŝutitaj de motionEye!": "\", not just those uploaded by motionEye!"
,"Ĉi rekursie forigos ĉiujn malnovajn amaskomunikilajn dosierojn en la dosierujo \"": "This will recursively remove all old media files present in the directory \""
,"\", ne nur tiuj kreitaj de motionEye!": "\", not just those created by motionEye!"
,"Ne eblas redakti la maskon sen valida kameraa bildo!": "Cannot edit the mask without a valid camera image!"
,"Propra": "Custom"
,"Propra dosierindiko": "Custom Path"
,"Retan kunlokon": "Network Share"
,"Via retumilo ne efektivigas ĉi tiun funkcion!": "Your browser doesn't implement this function!"
,"Apliki": "Apply"
,"Certigu, ke ĉiuj agordaj opcioj validas!": "Make sure all configuration options are valid!"
,"Ĉi tio rekomencos la sistemon. Daŭrigi?": "This will reboot the system. Continue?"
,"Vere fermiti sistemon?": "Really shut down?"
,"Malŝaltita": "Powered Off"
,"Ĉu vere restartigi ?": "Really reboot?"
,"La sistemo rekomencis!": "The system has been rebooted!"
,"Bonvolu apliki unue la modifitajn agordojn!": "Please apply the modified settings first!"
,"Neniu fotilo por forigi!": "No camera to remove!"
,"Ĉu forigi kameraon ": "Remove camera "
,"motionEye estas ĝisdatigita (aktuala versio: ": "motionEye is up to date (current version: "
,"Nova versio havebla: ": "New version available: "
,". Ĝisdatigi?": ". Update?"
,"motionEye estis sukcese ĝisdatigita!": "motionEye was successfully updated!"
,"Ĝisdatigo malsukcesis!": "Update failed!"
,"La ĝisdatiga procezo malsukcesis!": "The update process failed!"
,"Rezerva dosiero": "Backup File"
,"La rezervan dosieron, kiun vi antaŭe elŝutis.": "the backup file you have previously downloaded."
,"Restaŭrigi Agordon": "Restore Configuration"
,"Restaŭriganta agordon ...": "Restoring configuration ..."
,"La agordo restaŭrigis!": "The configuration has been restored!"
,"Malsukcesis restaŭri la agordon!": "Failed to restore configuration!"
,"Aliri la alŝutan servon malsukcesis: ": "Accessing the upload service failed: "
,"Aliri la alŝutan servon sukcesis!": "Accessing the upload service succeeded!"
,"Sciiga retpoŝto fiaskis:": "Notification email failed:"
,"Certiĝu, ke ĉiuj agordaj opcioj estas validaj!": "Make sure all configuration options are valid!"
,"Sciiga Telegramo fiaskis:": "Notification Telegram failed:"
,"Sciiga Telegramo sukcesis!": "Notification Telegram succeeded!"
,"Aliro al retdividado fiaskis: ": "Accessing network share failed: "
,"Aliro al retdividado sukcesis!": "Accessing network share succeeded!"
,"Ĉu vere forigi ĉi tiun dosieron?": "Really delete this file?"
,"Ĉu vere forigi ĉiujn bildojn de \"%(group)s\"?": "Really delete all pictures from \"%(group)s\"?"
,"Ĉu vere forigi ĉiujn filmojn de \"%(group)s\"?": "Really remove all movies from \"%(group)s\"?"
,"Ĉu vere forigi ĉiujn ne grupigitajn bildojn?": "Really delete all ungrouped pictures?"
,"Ĉu vere forigi ĉiujn ne grupigitajn filmojn?": "Really delete all ungrouped movies?"
,"aldonadi kameraon...": "add camera ..."
,"Uzantnomo": "Username"
,"Pasvorto": "Password"
,"Memoru min": "Remember me"
,"Ensaluti": "Login"
,"Nuligi": "Cancel"
,"Vi abortis la filmeton.": "You aborted the video."
,"Reto eraro okazis.": "A network error occurred."
,"Malkodado-eraro aŭ neprogresinta funkcio.": "Media decode error or unsupported media features."
,"Formato ne subtenata aŭ neatingebla/netaŭga por ludado.": "Format not supported or inaccessible/unsuitable for playback."
,"Nekonata eraro okazis.": "Unknown error occurred."
,"Eraro : ": "Error : "
,"antaŭa bildo": "previous picture"
,"ludi": "play"
,"ludi * 5 kaj enĉenigi": "play * 5 and chain"
,"sekva bildo": "next picture"
,"Fermi": "Close"
,"Elŝuti": "Download"
,"Forigi": "Remove"
,"Kamerao tipo": "Camera Type"
,"Loka V4L2-kamerao": "Local V4L2 Camera"
,"Loka MMAL-kamerao": "Local MMAL Camera"
,"Reta kamerao": "Network Camera"
,"Fora motionEye kamerao": "Remote motionEye Camera"
,"Simpla MJPEG-kamerao": "Simple MJPEG Camera"
,"la speco de kamerao, kiun vi volas aldoni": "the type of camera you wish to add"
,"URL": "URL"
,"http://ekzemplo.com:8765/cams/...": "http://example.com:8765/cams/..."
,"la kameraa URL (ekz. http://ekzemplo.com:8080/cam/)": "the camera URL (eg http://example.com:8080/cam/)"
,"uzantnomo...": "username ..."
,"la uzantnomo por la URL, se bezonata (ekz. administranto)": "the username for the URL, if needed (eg admin)"
,"pasvorto...": "password ..."
,"la pasvorto por la URL, se bezonata": "the password for the URL, if needed"
,"Kamerao": "Camera"
,"la kameraon, kiun vi volas aldoni": "the camera you want to add"
,"Fora motionEye kamerao estas kameraoj instalitaj malantaŭ alia servilo de MotionEye. Aldonante ilin ĉi tie permesos vin rigardi kaj administri ilin de malproksime.": "Remote motionEye cameras are cameras installed behind another motionEye server. Adding them here will allow you to view and manage them remotely."
,"Retaj kameraoj (aŭ IP-kameraoj) estas aparatoj, kiuj denaske fluas RTSP/RTMP aŭ MJPEG-filmetojn aŭ simplajn JPEG-bildojn. Konsultu la manlibron de via aparato por ekscii la ĝustan URL RTSP, RTMP, MJPEG aŭ JPEG.": "Network cameras (or IP cameras) are devices that natively stream RTSP/RTMP or MJPEG videos or plain JPEG images. Consult your device's manual to find out the correct RTSP, RTMP, MJPEG or JPEG URL."
,"Lokaj MMAL-kameraoj estas aparatoj konektitaj rekte al via motionEye-sistemo. Ĉi tiuj estas kutime kart-specifaj kameraoj.": "Local MMAL cameras are devices that are connected directly to your motionEye system. These are usually board-specific cameras."
,"Aldonante vian aparaton kiel simplan MJPEG-kameraon anstataŭ kiel retan kameraon plibonigos la fotografaĵon, sed neniu moviĝo-detekto, bilda kaptado aŭ registrado de filmoj estos disponebla por ĝi. La kamerao devas esti alirebla por via servilo kaj via retumilo. Ĉi tiu tipo de kamerao ne kongruas kun Internet Explorer.": "Adding your device as a simple MJPEG camera instead of as a network camera will improve the framerate, but no motion detection, picture capturing or movie recording will be available for it. The camera must be accessible to both your server and your browser. This type of camera is not compatible with Internet Explorer."
,"Lokaj V4L2-kameraoj estas kameraaj aparatoj konektitaj rekte al via motionEye-sistemo, kutime per USB.": "Local V4L2 cameras are camera devices that are connected directly to your motionEye system, usually via USB."
,"Aldonadi kameraon...": "Add Camera ..."
,"Grupo": "Group"
,"Inkluzivi foton prenitan ĉiun": "Include a picture taken every"
,"sekundo": "second"
,"5 sekundoj": "5 seconds"
,"10 sekundoj": "10 seconds"
,"30 sekundoj": "30 seconds"
,"minuto": "minute"
,"5 minutoj": "5 minutes"
,"10 minutoj": "10 minutes"
,"30 minutoj": "30 minutes"
,"horo": "hour"
,"Elektu la intervalon de tempo inter du elektitaj bildoj.": "choose the interval of time between two selected pictures."
,"Filmo framfrekvenco": "Movie framerate"
,"Elektu kiom rapide vi volas ke la akselita video estu.": "choose how fast you want the timelapse playback to be."
,"Konsiderante la grandan nombron da bildoj, krei vian video povus daŭri iom da tempo!": "Given the large number of pictures, creating your timelapse might take a while!"
,"Krei akselita video": "Create Timelapse Movie"
,"Filmo kreanta en progreso...": "Creating Timelapse Movie..."
,"Zipitaj": "Zipped"
,"Akselita video": "Timelapse"
,"Forigi ĉiujn": "Delete all"
,"Bildoj prenitaj de ": "Pictures taken by "
,"Filmoj registritaj de ": "Movies recorded by "
,"montru ĉi tiun fotilon plenekranan": "Show this camera fullscreen"
,"montri ĉiujn fotilojn": "Show all cameras"
,"montru nur ĉi tiun fotilon": "Show only this camera"
,"malfermaj bildoj retumilo": "open pictures browser"
,"malferma videoj retumilo": "open movies browser"
,"agordi ĉi tiun kameraon": "configure this camera"
,"preni instantaron": "take a snapshot"
,"Vi ankoraŭ ne agordis iun kameraon. Alklaku ĉi tie por aldoni unu ...": "You have not configured any camera yet. Click here to add one..."
,"enigu pozitivan nombron": "enter a positive number"
,"enigu pozitivan entjeran nombron": "enter a positive integer"
,"enigu nombron": "enter a number"
,"enigu entjeran nombron": "enter an integer"
," inter ": " between "
," kaj ": " and "
," pli ol ": " greater than "
," malpli ol ": " smaller than "
,"enigu validan tempon en la sekva formato: HH:MM": "enter valid time in the following format: HH:MM"
,"enigu validan URL (ekz. http://ekzemplo.com:8080/cams/)": "enter a valid URL (e.g. http://example.com:8080/cams/)"
,"fermi": "close"
,"Ne": "No"
,"Jes": "Yes"
,"Bone": "OK"
,"Auto Exposure": "Auto Exposure"
,"Backlight Compensation": "Backlight Compensation"
,"Brightness": "Brightness"
,"Contrast": "Contrast"
,"Exposure Absolute": "Exposure Absolute"
,"Exposure Auto": "Exposure Auto"
,"Exposure Auto Priority": "Exposure Auto Priority"
,"Exposure Time Absolute": "Exposure Time Absolute"
,"Focus Absolute": "Focus Absolute"
,"Focus Auto": "Focus Auto"
,"Gain": "Gain"
,"Gamma": "Gamma"
,"Hue": "Hue"
,"Led1 Mode": "Led1 Mode"
,"Led1 Frequency": "Led1 Frequency"
,"Pan Absolute": "Pan Absolute"
,"Power Line Frequency": "Power Line Frequency"
,"Saturation": "Saturation"
,"Sharpness": "Sharpness"
,"Tilt Absolute": "Tilt Absolute"
,"White Balance Temperature": "White Balance Temperature"
,"White Balance Temperature Auto": "White Balance Temperature Auto"
,"Zoom Absolute": "Zoom Absolute"
}
