{"":{"language":"nl","plural-forms":"nplurals=2; plural=(n > 1);"}
,"specialaj signoj ne rajtas en pasvorto": "het wachtwoord mag geen speciale tekens bevatten"
,"Ĉi tiu kampo estas deviga": "Dit veld is verplicht"
,"specialaj signoj ne rajtas en la nomo de kamerao": "de naam van de camera mag geen speciale tekens bevatten"
,"valoro devas esti multoblo de 8": "waarde moet een veelvoud zijn van 8"
,"specialaj signoj ne rajtas en radika voja nomo": "het hoofdpad mag geen speciale tekens bevatten"
,"dosieroj ne povas esti kreitaj rekte en la radiko de via sistemo": "bestanden kunnen niet rechtstreeks aangemaakt worden in de hoofdmap van uw systeem"
,"enigu validan retpoŝtadreson": "voer een geldig e-mailadres in"
,"enigu liston de koma apartaj validaj retpoŝtadresoj": "voer een door komma's gescheiden lijst van geldige e-mailadressen in"
,"specialaj signoj ne rajtas en dosiernomo": "de bestandsnaam mag geen speciale tekens bevatten"
,"enigu validan valoron": "voer een geldige waarde in"
,"Ĉi rekursie forigos ĉiujn dosierojn ĉeestantajn en la nuba dosierujo \"": "Hiermee worden alle bestanden in de cloud map recursief verwijderd \""
,"\", ne nur tiuj alŝutitaj de motionEye!": "\", ook diegene die niet zijn weggeschreven door motionEye!"
,"Ĉi rekursie forigos ĉiujn malnovajn amaskomunikilajn dosierojn en la dosierujo \"": "Hiermee worden alle oude mediabestanden in de map recursief verwijderd \""
,"\", ne nur tiuj kreitaj de motionEye!": "\", ook diegene die niet zijn aangemaakt door motionEye!"
,"Ne eblas redakti la maskon sen valida kameraa bildo!": "Het masker kan niet zonder een geldig camerabeeld worden bewerkt!"
,"Propra": "Aangepast"
,"Propra dosierindiko": "Aangepaste map"
,"Retan kunlokon": "Netwerk locatie"
,"Via retumilo ne efektivigas ĉi tiun funkcion!": "Uw browser ondersteund niet deze functie!"
,"Apliki": "Toepassen"
,"Certigu, ke ĉiuj agordaj opcioj validas!": "Zorg ervoor dat alle configuratie-instellingen geldig zijn!"
,"Ĉi tio rekomencos la sistemon. Daŭrigi?": "Hiermee wordt het systeem opnieuw gestart. Doorgaan?"
,"Vere fermiti sistemon?": "Systeem echt afsluiten?"
,"Malŝaltita": "Afsluiten"
,"Ĉu vere restartigi ?": "Echt opnieuw starten?"
,"La sistemo rekomencis!": "Het systeem is opnieuw gestart!"
,"Bonvolu apliki unue la modifitajn agordojn!": "Pas eerst de gewijzigde instellingen toe!"
,"Neniu fotilo por forigi!": "Geen camera aanwezig om te verwijderen!"
,"Ĉu forigi kameraon ": "Verwijder camera "
,"motionEye estas ĝisdatigita (aktuala versio: ": "motionEye is bijgewerkt tot de laatste versie (huidige versie: "
,"Nova versio havebla: ": "Nieuwe versie beschikbaar: "
,". Ĝisdatigi?": ". Bijwerken?"
,"motionEye estis sukcese ĝisdatigita!": "motionEye is succesvol bijgewerkt!"
,"Ĝisdatigo malsukcesis!": "Het bijwerken is mislukt!"
,"La ĝisdatiga procezo malsukcesis!": "Het bijwerkproces is mislukt!"
,"Rezerva dosiero": "Backup bestand"
,"La rezervan dosieron, kiun vi antaŭe elŝutis.": "Het eerder gedownloade back-upbestand."
,"Restaŭrigi Agordon": "Configuratie terugzetten"
,"Restaŭriganta agordon ...": "Configuratie wordt teruggezet ..."
,"La agordo restaŭrigis!": "De instellingen zijn teruggezet!"
,"Malsukcesis restaŭri la agordon!": "De instellingen kunnen niet worden teruggezet!"
,"Aliri la alŝutan servon malsukcesis: ": "Toegang tot de uploadservice is mislukt: "
,"Aliri la alŝutan servon sukcesis!": "Toegang tot de uploadservice is gelukt!"
,"Sciiga retpoŝto fiaskis:": "Verzenden notificatie mail is mislukt:"
,"Certiĝu, ke ĉiuj agordaj opcioj estas validaj!": "Zorg ervoor dat alle configuratie-instellingen geldig zijn!"
,"Sciiga Telegramo fiaskis:": "Notificatie melding mislukt:"
,"Sciiga Telegramo sukcesis!": "Notificatie melding succesvol!"
,"Aliro al retdividado fiaskis: ": "Toegang tot netwerk locatie mislukt: "
,"Aliro al retdividado sukcesis!": "Toegang tot netwerk locatie succesvol!"
,"Ĉu vere forigi ĉi tiun dosieron?": "Wil je dit bestand echt verwijderen?"
,"Ĉu vere forigi ĉiujn bildojn de \"%(group)s\"?": "Werkelijk alle afbeeldingen uit \"%(group)s\" verwijderen?"
,"Ĉu vere forigi ĉiujn filmojn de \"%(group)s\"?": "Werkelijk alle films uit \"%(group)s\" verwijderen?"
,"Ĉu vere forigi ĉiujn ne grupigitajn bildojn?": "Werkelijk alle niet gegroepeerde afbeeldingen verwijderen?"
,"Ĉu vere forigi ĉiujn ne grupigitajn filmojn?": "Werkelijk alle niet gegroepeerde films verwijderen?"
,"aldonadi kameraon...": "Camera toevoegen..."
,"Uzantnomo": "Gebruikersnaam"
,"Pasvorto": "Wachtwoord"
,"Memoru min": "Mij onthouden"
,"Ensaluti": "Aanmelden"
,"Nuligi": "Afbreken"
,"Vi abortis la filmeton.": "Je hebt de video afgebroken."
,"Reto eraro okazis.": "Er is een netwerkfout opgetreden."
,"Malkodado-eraro aŭ neprogresinta funkcio.": "Media decoderingsfout of niet ondersteunde media functionaliteit."
,"Formato ne subtenata aŭ neatingebla/netaŭga por ludado.": "Formaat wordt niet ondersteund of is niet beschikbaar/ongeschikt om af te spelen."
,"Nekonata eraro okazis.": "Onbekende fout opgetreden."
,"Eraro : ": "Fout : "
,"antaŭa bildo": "vorige afbeelding"
,"ludi": "afspelen"
,"ludi * 5 kaj enĉenigi": "speel 5 keer sneller af"
,"sekva bildo": "volgende foto"
,"Fermi": "Sluiten"
,"Elŝuti": "Ophalen"
,"Forigi": "Verwijderen"
,"Kamerao tipo": "Cameratype"
,"Loka V4L2-kamerao": "Lokale V4L2-camera"
,"Loka MMAL-kamerao": "Lokale MMAL-camera"
,"Reta kamerao": "Netwerkcamera"
,"Fora motionEye kamerao": "Externe MotionEye camera"
,"Simpla MJPEG-kamerao": "Eenvoudige MJPEG-camera"
,"la speco de kamerao, kiun vi volas aldoni": "het type camera dat u wilt toevoegen"
,"URL": "URL"
,"http://ekzemplo.com:8765/cams/...": "http://voorbeeld.com:8765/cams/..."
,"la kameraa URL (ekz. http://ekzemplo.com:8080/cam/)": "de camera URL (bijv. http://voorbeeld.com:8080/cam/)"
,"uzantnomo...": "gebruikersnaam..."
,"la uzantnomo por la URL, se bezonata (ekz. administranto)": "de gebruikersnaam voor de URL, indien nodig (bijv. admin)"
,"pasvorto...": "wachtwoord..."
,"la pasvorto por la URL, se bezonata": "het wachtwoord voor de URL, indien nodig"
,"Kamerao": "Camera"
,"la kameraon, kiun vi volas aldoni": "de camera die u wilt toevoegen"
,"Fora motionEye kamerao estas kameraoj instalitaj malantaŭ alia servilo de MotionEye. Aldonante ilin ĉi tie permesos vin rigardi kaj administri ilin de malproksime.": "MotionEye camera's op afstand zijn camera's die op een andere MotionEye server zijn geïnstalleerd. Door ze hier toe te voegen, kunt u ze op afstand bekijken en beheren."
,"Retaj kameraoj (aŭ IP-kameraoj) estas aparatoj, kiuj denaske fluas RTSP/RTMP aŭ MJPEG-filmetojn aŭ simplajn JPEG-bildojn. Konsultu la manlibron de via aparato por ekscii la ĝustan URL RTSP, RTMP, MJPEG aŭ JPEG.": "Netwerkcamera's (of IP-camera's) zijn apparaten die standaard RTSP/RTMP-, MJPEG-video's of gewone JPEG-afbeeldingen kunnen streamen. Raadpleeg de handleiding van uw apparaat om de juiste RTSP-, RTMP-, MJPEG- of JPEG-URL te vinden."
,"Lokaj MMAL-kameraoj estas aparatoj konektitaj rekte al via motionEye-sistemo. Ĉi tiuj estas kutime kart-specifaj kameraoj.": "Lokale MMAL-camera's zijn apparaten die rechtstreeks op uw motionEye-systeem zijn aangesloten. Dit zijn meestal kaartspecifieke camera's."
,"Aldonante vian aparaton kiel simplan MJPEG-kameraon anstataŭ kiel retan kameraon plibonigos la fotografaĵon, sed neniu moviĝo-detekto, bilda kaptado aŭ registrado de filmoj estos disponebla por ĝi. La kamerao devas esti alirebla por via servilo kaj via retumilo. Ĉi tiu tipo de kamerao ne kongruas kun Internet Explorer.": "Als u uw apparaat toevoegt als een eenvoudige MJPEG-camera in plaats van een netwerkcamera, dan zal de beeldkwaliteit verbeteren, maar er is dan geen bewegingsdetectie, beeldopname of video-opname mogelijk. De camera moet toegankelijk zijn voor uw server en browser. Dit type camera is niet compatibel met Internet Explorer."
,"Lokaj V4L2-kameraoj estas kameraaj aparatoj konektitaj rekte al via motionEye-sistemo, kutime per USB.": "Lokale V4L2-camera's zijn camera-apparaten die rechtstreeks op uw MotionEye-systeem zijn aangesloten, meestal via USB."
,"Aldonadi kameraon...": "Camera toevoegen..."
,"Grupo": "Groep"
,"Inkluzivi foton prenitan ĉiun": "Voeg elk een foto toe die is gemaakt"
,"sekundo": "1 seconde"
,"5 sekundoj": "5 seconden"
,"10 sekundoj": "10 seconden"
,"30 sekundoj": "30 seconden"
,"minuto": "1 minuut"
,"5 minutoj": "5 minuten"
,"10 minutoj": "10 minuten"
,"30 minutoj": "30 minuten"
,"horo": "1 uur"
,"Elektu la intervalon de tempo inter du elektitaj bildoj.": "Selecteer het tijdsinterval tussen twee geselecteerde afbeeldingen."
,"Filmo framfrekvenco": "Framesnelheid video"
,"Elektu kiom rapide vi volas ke la akselita video estu.": "Kies hoe snel de Timelapse afgespeeld moet worden."
,"Konsiderante la grandan nombron da bildoj, krei vian video povus daŭri iom da tempo!": "Gezien het grote aantal afbeeldingen kan het maken van uw video enige tijd in beslag nemen!"
,"Krei akselita video": "Maak een Timelapse film"
,"Filmo kreanta en progreso...": "Bezig met het maken van de video..."
,"Zipitaj": "Gezipt"
,"Akselita video": "Timelapse"
,"Forigi ĉiujn": "Alles verwijderen"
,"Bildoj prenitaj de ": "Foto's genomen op "
,"Filmoj registritaj de ": "Films opgenomen door "
,"montru ĉi tiun fotilon plenekranan": "deze camera weergeven op volledig scherm"
,"montri ĉiujn fotilojn": "toon alle camera's"
,"montru nur ĉi tiun fotilon": "toon alleen deze camera"
,"malfermaj bildoj retumilo": "Afbeeldingen openen"
,"malferma videoj retumilo": "Video's openen"
,"agordi ĉi tiun kameraon": "deze camera configureren"
,"preni instantaron": "maak een momentopname"
,"Vi ankoraŭ ne agordis iun kameraon. Alklaku ĉi tie por aldoni unu ...": "U heeft nog geen camera geconfigureerd. Klik hier om er een toe te voegen ..."
,"enigu pozitivan nombron": "voer een positief getal in"
,"enigu pozitivan entjeran nombron": "voer een positief geheel getal in"
,"enigu nombron": "voer een nummer in"
,"enigu entjeran nombron": "voer een geheel getal in"
," inter ": " tussen "
," kaj ": " en "
," pli ol ": " groter dan "
," malpli ol ": " kleiner dan "
,"enigu validan tempon en la sekva formato: HH:MM": "voer een geldige tijd in het volgende formaat: HH:MM"
,"enigu validan URL (ekz. http://ekzemplo.com:8080/cams/)": "voer een geldige URL in (bijv. http://voorbeeld.com:8080/cams/)"
,"fermi": "sluiten"
,"Ne": "Nee"
,"Jes": "Ja"
,"Bone": "OK"
,"Auto Exposure": "Automatische belichting"
,"Backlight Compensation": "Tegenlichtcompensatie"
,"Brightness": "Helderheid"
,"Contrast": "Contrast"
,"Exposure Absolute": "Absolute belichting"
,"Exposure Auto": "Automatische belichting"
,"Exposure Auto Priority": "Automatische belichtingsprioriteit"
,"Exposure Time Absolute": "Absolute belichtingstijd"
,"Focus Absolute": "Absoluut focussen"
,"Focus Auto": "Autofocus"
,"Gain": "Versterking"
,"Gamma": "Gamma"
,"Hue": "Kleurtoon"
,"Led1 Mode": "LED1 modus"
,"Led1 Frequency": "LED1 frequentie"
,"Pan Absolute": "Pan absoluut"
,"Power Line Frequency": "Net frequentie"
,"Saturation": "Saturatie"
,"Sharpness": "Scherpte"
,"Tilt Absolute": "Absoluut kantelen"
,"White Balance Temperature": "Temperatuur witbalans"
,"White Balance Temperature Auto": "Auto temperatuur witbalans"
,"Zoom Absolute": "Absolute zoom"
}
