{"":{"language":"nb","plural-forms":"nplurals=2; plural=(n > 1);"}
,"specialaj signoj ne rajtas en pasvorto": "spesielle tegn er ikke tillatt i passordet"
,"Ĉi tiu kampo estas deviga": "Dette feltet er obligatorisk"
,"specialaj signoj ne rajtas en la nomo de kamerao": "spesielle tegn er ikke tillatt i navnet på et kamera"
,"valoro devas esti multoblo de 8": "Verdien må være et multiplum på 8"
,"specialaj signoj ne rajtas en radika voja nomo": "spesielle tegn er ikke tillatt i rotmappenavn"
,"dosieroj ne povas esti kreitaj rekte en la radiko de via sistemo": "filer kan ikke opprettes direkte i roten til systemet ditt"
,"enigu validan retpoŝtadreson": "oppgi en gyldig e-post-adresse"
,"enigu liston de koma apartaj validaj retpoŝtadresoj": "skriv inn en komma-separert liste med gyldige e -postadresser"
,"specialaj signoj ne rajtas en dosiernomo": "spesielle tegn er ikke tillatt i filnavnet"
,"enigu validan valoron": "angi en gyldig verdi"
,"Ĉi rekursie forigos ĉiujn dosierojn ĉeestantajn en la nuba dosierujo \"": "Dette vil rekursivt slette alle filer som er til stede i sky-mappen ”"
,"\", ne nur tiuj alŝutitaj de motionEye!": "\", ikke bare de som er lastet opp av motioneye!"
,"Ĉi rekursie forigos ĉiujn malnovajn amaskomunikilajn dosierojn en la dosierujo \"": "Dette vil rekursivt slette alle gamle mediefiler i katalogen \""
,"\", ne nur tiuj kreitaj de motionEye!": "\", ikke bare de som er skapt av Motioneye!"
,"Ne eblas redakti la maskon sen valida kameraa bildo!": "Kan ikke redigere masken uten et gyldig kamerabilde!"
,"Propra": "Egendefinert"
,"Propra dosierindiko": "Egendefinert sti"
,"Retan kunlokon": "Nettverkdeling"
,"Via retumilo ne efektivigas ĉi tiun funkcion!": "Nettleseren din implementerer ikke denne funksjonen!"
,"Apliki": "Bruk"
,"Certigu, ke ĉiuj agordaj opcioj validas!": "Forsikre deg om at alle konfigurasjonsalternativer er gyldige!"
,"Ĉi tio rekomencos la sistemon. Daŭrigi?": "Dette vil restarte systemet. Vil du fortsette?"
,"Vere fermiti sistemon?": "Vil du virkelig skru av systemet?"
,"Malŝaltita": "Slått av"
,"Ĉu vere restartigi ?": "Vil du virkelig starte på nytt?"
,"La sistemo rekomencis!": "Systemet har blitt restartet!"
,"Bonvolu apliki unue la modifitajn agordojn!": "Vennligst ta i bruk de endrede innstillingene først!"
,"Neniu fotilo por forigi!": "Ingen kameraer å fjerne!"
,"Ĉu forigi kameraon ": "Fjern kamera "
,"motionEye estas ĝisdatigita (aktuala versio: ": "motionEye er oppdatert (gjeldende versjon: "
,"Nova versio havebla: ": "Ny versjon tilgjengelig: "
,". Ĝisdatigi?": ". Oppdatere?"
,"motionEye estis sukcese ĝisdatigita!": "motionEye har blitt oppdatert!"
,"Ĝisdatigo malsukcesis!": "Oppdatering mislyktes!"
,"La ĝisdatiga procezo malsukcesis!": "Oppdateringsprosessen mislyktes!"
,"Rezerva dosiero": "Sikkerhetskopiert fil"
,"La rezervan dosieron, kiun vi antaŭe elŝutis.": "sikkerhetskopierte filen du tidligere har lastet ned."
,"Restaŭrigi Agordon": "Gjenopprett konfigurasjon"
,"Restaŭriganta agordon ...": "Gjenoppretter konfigurasjonen ..."
,"La agordo restaŭrigis!": "Konfigurasjonen er gjenopprettet!"
,"Malsukcesis restaŭri la agordon!": "Kunne ikke gjenopprette konfigurasjonen!"
,"Aliri la alŝutan servon malsukcesis: ": "Tilgang til opplastingstjenesten mislyktes: "
,"Aliri la alŝutan servon sukcesis!": "Tilgang til opplastingstjenesten har vært vellykket!"
,"Sciiga retpoŝto fiaskis:": "E-post varsel mislyktes:"
,"Certiĝu, ke ĉiuj agordaj opcioj estas validaj!": "Forsikre deg om at alle konfigurasjonsalternativer er gyldige!"
,"Sciiga Telegramo fiaskis:": "Telegram varsel mislyktes:"
,"Sciiga Telegramo sukcesis!": "Telegram varsel har vært vellykket!"
,"Aliro al retdividado fiaskis: ": "Tilgang til nettverksdeling mislyktes: "
,"Aliro al retdividado sukcesis!": "Tilgang til nettverksdeling var vellykket!"
,"Ĉu vere forigi ĉi tiun dosieron?": "Vil du virkelig slette denne filen?"
,"Ĉu vere forigi ĉiujn bildojn de \"%(group)s\"?": "Vil du virkelig slette alle bilder fra \"%(gruppe) s\"?"
,"Ĉu vere forigi ĉiujn filmojn de \"%(group)s\"?": "Vil du virkelig slette alle filmer fra \"%(gruppe) s\"?"
,"Ĉu vere forigi ĉiujn ne grupigitajn bildojn?": "Vil du virkelig slette alle ikke grupperte bilder?"
,"Ĉu vere forigi ĉiujn ne grupigitajn filmojn?": "Vil du virkelig slette alle de ikke grupperte filmene?"
,"aldonadi kameraon...": "legg til et kamera ..."
,"Uzantnomo": "Brukernavn"
,"Pasvorto": "Passord"
,"Memoru min": "Husk meg"
,"Ensaluti": "Logg inn"
,"Nuligi": "Avbryt"
,"Vi abortis la filmeton.": "Du avbrøt videoen."
,"Reto eraro okazis.": "En nettverksfeil oppstod."
,"Malkodado-eraro aŭ neprogresinta funkcio.": "Dekodingfeil av media eller ikke-støttet funksjon."
,"Formato ne subtenata aŭ neatingebla/netaŭga por ludado.": "Format ikke støttet eller utilgjengelig/upassende for avspilling."
,"Nekonata eraro okazis.": "En ukjent feil oppstod."
,"Eraro : ": "Feil: "
,"antaŭa bildo": "forrige bilde"
,"ludi": "spill av"
,"ludi * 5 kaj enĉenigi": "spill av * 5 og sett sammen"
,"sekva bildo": "neste bilde"
,"Fermi": "Lukk"
,"Elŝuti": "Last ned"
,"Forigi": "Fjern"
,"Kamerao tipo": "Kameratype"
,"Loka V4L2-kamerao": "Lokalt V4L2 kamera"
,"Loka MMAL-kamerao": "Lokalt MMAL kamera"
,"Reta kamerao": "Nettverk-kamera"
,"Fora motionEye kamerao": "Eksternt motionEye kamera"
,"Simpla MJPEG-kamerao": "Enkelt MJPEG kamera"
,"la speco de kamerao, kiun vi volas aldoni": "typen kamera du vil legge til"
,"URL": "URL"
,"http://ekzemplo.com:8765/cams/...": "http://example.com:8765/cams/..."
,"la kameraa URL (ekz. http://ekzemplo.com:8080/cam/)": "kameraets addresse (eg http://example.com:8080/cam/)"
,"uzantnomo...": "brukernavn ..."
,"la uzantnomo por la URL, se bezonata (ekz. administranto)": "brukernavnet for nettadressen, om nødvendig (f.eks. admin)"
,"pasvorto...": "passord ..."
,"la pasvorto por la URL, se bezonata": "passordet for nettadressen, om nødvendig"
,"Kamerao": "Kamera"
,"la kameraon, kiun vi volas aldoni": "kameraet du vil legge til"
,"Fora motionEye kamerao estas kameraoj instalitaj malantaŭ alia servilo de MotionEye. Aldonante ilin ĉi tie permesos vin rigardi kaj administri ilin de malproksime.": "Eksterne motionEye kameraer er kameraer installert bak en annen motionEye -server. Å legge dem til her vil tillate deg å se og administrere dem eksternt."
,"Retaj kameraoj (aŭ IP-kameraoj) estas aparatoj, kiuj denaske fluas RTSP/RTMP aŭ MJPEG-filmetojn aŭ simplajn JPEG-bildojn. Konsultu la manlibron de via aparato por ekscii la ĝustan URL RTSP, RTMP, MJPEG aŭ JPEG.": "Nettverk-kameraer (eller IP -kameraer) er enheter som støtter strømming av RTSP/RTMP eller MJPEG videoer eller enkle JPEG bilder. Kontakt håndboken for enheten din for å finne ut riktig URL RTSP, RTMP, MJPEG eller JPEG addresse."
,"Lokaj MMAL-kameraoj estas aparatoj konektitaj rekte al via motionEye-sistemo. Ĉi tiuj estas kutime kart-specifaj kameraoj.": "Lokale MMAL kameraer er enheter koblet direkte til motionEye-systemet ditt. Dette er vanligvis kortspesifikke kameraer."
,"Aldonante vian aparaton kiel simplan MJPEG-kameraon anstataŭ kiel retan kameraon plibonigos la fotografaĵon, sed neniu moviĝo-detekto, bilda kaptado aŭ registrado de filmoj estos disponebla por ĝi. La kamerao devas esti alirebla por via servilo kaj via retumilo. Ĉi tiu tipo de kamerao ne kongruas kun Internet Explorer.": "Legge til enheten din som et enkelt MJPEG -kamera i stedet for som ett nettverks-kamera vil forbedre oppdateringshastigheten, men ingen bevegelsesdeteksjon, bildefangst eller innspilling av filmer vil være tilgjengelig for det. Kameraet må være tilgjengelig for serveren din og nettleseren din. Denne typen kamera støttes ikke med Internet Explorer."
,"Lokaj V4L2-kameraoj estas kameraaj aparatoj konektitaj rekte al via motionEye-sistemo, kutime per USB.": "Lokale V4L2 kameraer er kameraenheter som er koblet direkte til motioneye-systemet ditt, vanligvis via USB."
,"Aldonadi kameraon...": "Legg til et kamera ..."
,"Grupo": "Gruppe"
,"Inkluzivi foton prenitan ĉiun": "Inkluder et bilde tatt hvert"
,"sekundo": "sekund"
,"5 sekundoj": "5 sekunder"
,"10 sekundoj": "10 sekunder"
,"30 sekundoj": "30 sekunder"
,"minuto": "minutt"
,"5 minutoj": "5 minutter"
,"10 minutoj": "10 minutter"
,"30 minutoj": "30 minutter"
,"horo": "time"
,"Elektu la intervalon de tempo inter du elektitaj bildoj.": "velg tidsintervallen mellom to utvalgte bilder."
,"Filmo framfrekvenco": "Film oppdateringshastighet"
,"Elektu kiom rapide vi volas ke la akselita video estu.": "velg hvor raskt du vil timelapse avspillingen skal være."
,"Konsiderante la grandan nombron da bildoj, krei vian video povus daŭri iom da tempo!": "Gitt det store antallet bilder, kan det ta litt tid å lage timelapse videoen!"
,"Krei akselita video": "Lag Timelapse Video"
,"Filmo kreanta en progreso...": "Lager Timelapse Video ..."
,"Zipitaj": "Kompremert (ZIP)"
,"Akselita video": "Timelapse"
,"Forigi ĉiujn": "Slett alle"
,"Bildoj prenitaj de ": "Bilder tatt av "
,"Filmoj registritaj de ": "Filmer spilt inn av "
,"montru ĉi tiun fotilon plenekranan": "Vis dette kameraet i fullskjerm"
,"montri ĉiujn fotilojn": "Vis alle kameraer"
,"montru nur ĉi tiun fotilon": "Vis bare dette kameraet"
,"malfermaj bildoj retumilo": "åpne bilder utforsker"
,"malferma videoj retumilo": "åpne videoer utforsker"
,"agordi ĉi tiun kameraon": "konfigurer dette kameraet"
,"preni instantaron": "å ta et kjapt bilde"
,"Vi ankoraŭ ne agordis iun kameraon. Alklaku ĉi tie por aldoni unu ...": "Du har ikke satt opp noen kamera ennå. Klikk her for å legge til ett ..."
,"enigu pozitivan nombron": "skriv inn et positivt tall"
,"enigu pozitivan entjeran nombron": "skriv inn et positivt heltallnummer"
,"enigu nombron": "skriv inn et tall"
,"enigu entjeran nombron": "skriv inn et heltallnummer"
," inter ": " mellom "
," kaj ": " og "
," pli ol ": " mer enn "
," malpli ol ": " mindre enn "
,"enigu validan tempon en la sekva formato: HH:MM": "skriv inn en gyldig tid i følgende format: HH: MM"
,"enigu validan URL (ekz. http://ekzemplo.com:8080/cams/)": "skriv inn en gyldig addresse (f.eks. Http://ekzemplo.com:8080/cams/)"
,"fermi": "lukk"
,"Ne": "Nei"
,"Jes": "Ja"
,"Bone": "Ok"
,"Auto Exposure": "Autoeksponering"
,"Backlight Compensation": "Baklys-kompensasjon"
,"Brightness": "Lysstyrke"
,"Contrast": "Kontrast"
,"Exposure Absolute": "Eksponering Absolutt"
,"Exposure Auto": "Eksponering Auto"
,"Exposure Auto Priority": "Eksponering Auto Prioritet"
,"Exposure Time Absolute": "Eksponeringstid Absolutt"
,"Focus Absolute": "Fokus Absolutt"
,"Focus Auto": "Fokus Auto"
,"Gain": "Gain"
,"Gamma": "Gamma"
,"Hue": "Fargetone"
,"Led1 Mode": "LED1 modus"
,"Led1 Frequency": "LED1 frekvens"
,"Pan Absolute": "Panorering absolutt"
,"Power Line Frequency": "Strømnett frekvens"
,"Saturation": "Metning"
,"Sharpness": "Skarphet"
,"Tilt Absolute": "Tilt Absolutt"
,"White Balance Temperature": "Hvitbalansetemperatur"
,"White Balance Temperature Auto": "Hvitbalansetemperatur Auto"
,"Zoom Absolute": "Zoom Absolutt"
}
