{"":{"language":"sk","plural-forms":"nplurals=2; plural=(n > 1);"}
,"specialaj signoj ne rajtas en pasvorto": "špeciálne znaky v hesle nie sú povolené"
,"Ĉi tiu kampo estas deviga": "Toto pole je povinné"
,"specialaj signoj ne rajtas en la nomo de kamerao": "špeciálne znaky v názve kamery nie sú povolené"
,"valoro devas esti multoblo de 8": "hodnota musí byť násobkom čísla 8"
,"specialaj signoj ne rajtas en radika voja nomo": "špeciálne znaky v názve koreňového adresára nie sú povolené"
,"dosieroj ne povas esti kreitaj rekte en la radiko de via sistemo": "súbory nesmú byť vytvorené v koreňovom adresári vášho systému"
,"enigu validan retpoŝtadreson": "zadajte platnú e-mailovú adresu"
,"enigu liston de koma apartaj validaj retpoŝtadresoj": "zadajte zoznam čiarkou oddelených platných e-mailových adries"
,"specialaj signoj ne rajtas en dosiernomo": "špeciálne znaky v názve súboru nie sú povolené"
,"enigu validan valoron": "zadajte platnú hodnotu"
,"Ĉi rekursie forigos ĉiujn dosierojn ĉeestantajn en la nuba dosierujo \"": "Toto rekurzívne odstráni všetky existujúce súbory v cloudovom priečinku \""
,"\", ne nur tiuj alŝutitaj de motionEye!": "\", nielen tie, ktoré boli nahrané motionEye!"
,"Ĉi rekursie forigos ĉiujn malnovajn amaskomunikilajn dosierojn en la dosierujo \"": "Toto rekurzívne odstráni všetky staré multimediálne súbory v adresári \""
,"\", ne nur tiuj kreitaj de motionEye!": "\", nielen tie, ktoré vytvoril motionEye!"
,"Ne eblas redakti la maskon sen valida kameraa bildo!": "Masku nie je možné upraviť bez platného obrázka z kamery!"
,"Propra": "Vlastná"
,"Propra dosierindiko": "Vlastná cesta"
,"Retan kunlokon": "Sieťové zdieľanie"
,"Via retumilo ne efektivigas ĉi tiun funkcion!": "Váš prehliadač neimplementuje túto funkciu!"
,"Apliki": "Použiť"
,"Certigu, ke ĉiuj agordaj opcioj validas!": "Skontrolute, či sú všetky nastavenia konfigurácie platné!"
,"Ĉi tio rekomencos la sistemon. Daŭrigi?": "Týmto reštartujete systém. Pokračovať?"
,"Vere fermiti sistemon?": "Naozaj vypnúť?"
,"Malŝaltita": "Vypnuté"
,"Ĉu vere restartigi ?": "Naozaj reštartovať?"
,"La sistemo rekomencis!": "Systém bol reštartovaný!"
,"Bonvolu apliki unue la modifitajn agordojn!": "Aplikujte najprv zmenené nastavenia!"
,"Neniu fotilo por forigi!": "Neexistuje kamera, ktorú by bolo možné odstrániť!"
,"Ĉu forigi kameraon ": "Odstrániť kameru "
,"motionEye estas ĝisdatigita (aktuala versio: ": "motionEye je aktuálny (aktuálna verzia: "
,"Nova versio havebla: ": "Je dostupná nová verzia: "
,". Ĝisdatigi?": ". Aktualizovať?"
,"motionEye estis sukcese ĝisdatigita!": "motionEye bol úspešne aktualizovaný!"
,"Ĝisdatigo malsukcesis!": "Aktualizácia skončila s chybou!"
,"La ĝisdatiga procezo malsukcesis!": "Proces aktualizácie zlyhal!"
,"Rezerva dosiero": "Súbor so zálohou"
,"La rezervan dosieron, kiun vi antaŭe elŝutis.": "súbor so zálohou, ktorú ste v minulosti uložili."
,"Restaŭrigi Agordon": "Obnoviť nastavenia"
,"Restaŭriganta agordon ...": "Obnovujem nastavenia…"
,"La agordo restaŭrigis!": "Nastavenia boli obnovené zo zálohy!"
,"Malsukcesis restaŭri la agordon!": "Nepodarilo sa obnoviť nastavenia!"
,"Aliri la alŝutan servon malsukcesis: ": "Pokus o prístup k nahrávacej službe skončil s chybou: "
,"Aliri la alŝutan servon sukcesis!": "Komunikácia s nahrávacou službou bola úspešne nadviazaná!"
,"Sciiga retpoŝto fiaskis:": "E-mail s upozornením zlyhal:"
,"Certiĝu, ke ĉiuj agordaj opcioj estas validaj!": "Uistite sa, že všetky nastavenia sú platné!"
,"Sciiga Telegramo fiaskis:": "Upozornenie na Telegram skončilo s chybou:"
,"Sciiga Telegramo sukcesis!": "Upozornenie na Telegram bolo úspešné!"
,"Aliro al retdividado fiaskis: ": "Pokus o prístup ku sieťovému zdieľaniu skončil s chybou: "
,"Aliro al retdividado sukcesis!": "Komunikácia so sieťovým zdieľaním bola úspešne nadviazaná!"
,"Ĉu vere forigi ĉi tiun dosieron?": "Naozaj odstrániť tento súbor?"
,"Ĉu vere forigi ĉiujn bildojn de \"%(group)s\"?": "Naozaj odstrániť všetky súbory obrázkov z \"%(group)s\"?"
,"Ĉu vere forigi ĉiujn filmojn de \"%(group)s\"?": "Naozaj odstrániť všetky videá z \"%(group)s\"?"
,"Ĉu vere forigi ĉiujn ne grupigitajn bildojn?": "Naozaj odstrániť všetky nezoskupené obrázky?"
,"Ĉu vere forigi ĉiujn ne grupigitajn filmojn?": "Naozaj odstrániť všetky nezoskupené videá?"
,"aldonadi kameraon...": "pridať kameru..."
,"Uzantnomo": "Meno používateľa"
,"Pasvorto": "Heslo"
,"Memoru min": "Pamätaj si ma"
,"Ensaluti": "Prihlásiť"
,"Nuligi": "Zrušiť"
,"Vi abortis la filmeton.": "Video ste zrušili."
,"Reto eraro okazis.": "Vyskytol sa problém na sieti."
,"Malkodado-eraro aŭ neprogresinta funkcio.": "Chyba dekódovania multimédia alebo nepodporované vlastnosti súboru."
,"Formato ne subtenata aŭ neatingebla/netaŭga por ludado.": "Formát nie je podporovaný alebo nie je dostupný/vhodný na prehrávanie."
,"Nekonata eraro okazis.": "Nastala neznáma chyba."
,"Eraro : ": "Chyba: "
,"antaŭa bildo": "predchádzajúci obrázok"
,"ludi": "prehrať"
,"ludi * 5 kaj enĉenigi": "prehrať * 5 a zreťaziť"
,"sekva bildo": "nasledujúci obrázok"
,"Fermi": "Zavrieť"
,"Elŝuti": "Stiahnuť"
,"Forigi": "Odstrániť"
,"Kamerao tipo": "Typ kamery"
,"Loka V4L2-kamerao": "Miestna V4L2 kamera"
,"Loka MMAL-kamerao": "Miestna MMAL kamera"
,"Reta kamerao": "Sieťová kamera"
,"Fora motionEye kamerao": "Vzdialená motionEye kamera"
,"Simpla MJPEG-kamerao": "Jednoduchá MJPEG kamera"
,"la speco de kamerao, kiun vi volas aldoni": "typ kamery, ktorú si želáte pridať"
,"URL": "URL adresa"
,"http://ekzemplo.com:8765/cams/...": "http://priklad.com:8765/cams/..."
,"la kameraa URL (ekz. http://ekzemplo.com:8080/cam/)": "URL adresa kamery (napr. http://priklad.com:8080/cam/)"
,"uzantnomo...": "meno používateľa ..."
,"la uzantnomo por la URL, se bezonata (ekz. administranto)": "meno používateľa pre URL adresu, ak je potrebné jeho zadanie (napr. admin)"
,"pasvorto...": "heslo ..."
,"la pasvorto por la URL, se bezonata": "heslo pre URL adresau, ak je potrebné"
,"Kamerao": "Kamera"
,"la kameraon, kiun vi volas aldoni": "kamera, ktorú si želáte pridať"
,"Fora motionEye kamerao estas kameraoj instalitaj malantaŭ alia servilo de MotionEye. Aldonante ilin ĉi tie permesos vin rigardi kaj administri ilin de malproksime.": "Vzdialené kamery motionEye sú kamery nainštalované na inom serveri motionEye. Ak ich sem pridáte, umožní vám to ich prezeranie a vzdialenú správu."
,"Retaj kameraoj (aŭ IP-kameraoj) estas aparatoj, kiuj denaske fluas RTSP/RTMP aŭ MJPEG-filmetojn aŭ simplajn JPEG-bildojn. Konsultu la manlibron de via aparato por ekscii la ĝustan URL RTSP, RTMP, MJPEG aŭ JPEG.": "Sieťové kamery (alebo IP kamery) sú zariadenia, ktoré natívne vysielajú prúd RTSP/RTMP alebo MJPEG videá prípadne obyčajné obrázky JPEG. Preštudujte si návod k vášmu zariadeniu, kde nájdete správnu URL adresu pre RTSP, RTMP, MJPEG alebo JPEG."
,"Lokaj MMAL-kameraoj estas aparatoj konektitaj rekte al via motionEye-sistemo. Ĉi tiuj estas kutime kart-specifaj kameraoj.": "Miestne MMAL kamery sú zariadenia pripojené priamo k vášmu motionEye systému. Zvyčajne to bývajú kamery určené pre konkrétnu dosku/čip."
,"Aldonante vian aparaton kiel simplan MJPEG-kameraon anstataŭ kiel retan kameraon plibonigos la fotografaĵon, sed neniu moviĝo-detekto, bilda kaptado aŭ registrado de filmoj estos disponebla por ĝi. La kamerao devas esti alirebla por via servilo kaj via retumilo. Ĉi tiu tipo de kamerao ne kongruas kun Internet Explorer.": "Ak pridáte vaše zariadenie ako jednoduchú MJPEG kameru namiesto sieťovej kamery, dosiahnete tak vyššiu snímkovú frekvenciu, ale nebude možné pre ňu dostupná detekcia pohybu, zachytávanie obrázkov alebo nahrávanie videí. Kamera musí byť dostupná z vášho servera aj webového prehliadača. Tento typ kamery nie je kompatibilný s Internet Explorerom."
,"Lokaj V4L2-kameraoj estas kameraaj aparatoj konektitaj rekte al via motionEye-sistemo, kutime per USB.": "Miestne V4L2 kamery sú kamerové zariadenia pripojené priamo k vášmu motionEye systému, zvyčajne prostredníctvom USB."
,"Aldonadi kameraon...": "Pridať kameru..."
,"Grupo": "Skupina"
,"Inkluzivi foton prenitan ĉiun": "Zahrnúť obrázok každú/ých"
,"sekundo": "sekunda"
,"5 sekundoj": "5 sekúnd"
,"10 sekundoj": "10 sekúnd"
,"30 sekundoj": "30 sekúnd"
,"minuto": "minúta"
,"5 minutoj": "5 minút"
,"10 minutoj": "10 minút"
,"30 minutoj": "30 minút"
,"horo": "hodina"
,"Elektu la intervalon de tempo inter du elektitaj bildoj.": "vyberte časový interval medzi dvoma vybranými obrázkami."
,"Filmo framfrekvenco": "Snímková frekvencia videí"
,"Elektu kiom rapide vi volas ke la akselita video estu.": "vyberte rýchlosť prehrávania časozberného videa."
,"Konsiderante la grandan nombron da bildoj, krei vian video povus daŭri iom da tempo!": "Vzhľadom na veľký počet obrázkov môže vytváranie časozberného video nejaký čas trvať!"
,"Krei akselita video": "Vytvoriť časozberné video"
,"Filmo kreanta en progreso...": "Vytváram časozberné video…"
,"Zipitaj": "ZIP archív"
,"Akselita video": "Časozber"
,"Forigi ĉiujn": "Odstrániť všetko"
,"Bildoj prenitaj de ": "Obrázky zachytené kamerou "
,"Filmoj registritaj de ": "Videá nahrané kamerou "
,"montru ĉi tiun fotilon plenekranan": "Zobraziť túto kameru na celej obrazovke"
,"montri ĉiujn fotilojn": "Zobraziť všetky kamery"
,"montru nur ĉi tiun fotilon": "Zobraziť iba túto kameru"
,"malfermaj bildoj retumilo": "otvoriť prehliadač obrázkov"
,"malferma videoj retumilo": "otvoriť prehliadač videí"
,"agordi ĉi tiun kameraon": "nastaviť túto kameru"
,"preni instantaron": "vytvoriť snímku"
,"Vi ankoraŭ ne agordis iun kameraon. Alklaku ĉi tie por aldoni unu ...": "Ešte ste nenastavili žiadne kamery. Kliknite sem pre pridanie prvej..."
,"enigu pozitivan nombron": "zadajte kladné číslo"
,"enigu pozitivan entjeran nombron": "zadajte kladné celé číslo"
,"enigu nombron": "zadajte číslo"
,"enigu entjeran nombron": "zadajte celé číslo"
," inter ": " medzi "
," kaj ": " a "
," pli ol ": " väčšie ako "
," malpli ol ": " menšie ako "
,"enigu validan tempon en la sekva formato: HH:MM": "zadajte platný čas vo formáte: HH:MM"
,"enigu validan URL (ekz. http://ekzemplo.com:8080/cams/)": "zadajte platnú URL adresu (napr. http://priklad.com:8080/cams/)"
,"fermi": "zavrieť"
,"Ne": "Nie"
,"Jes": "Áno"
,"Bone": "OK"
,"Auto Exposure": "Automatická expozícia"
,"Backlight Compensation": "Kompenzácia podsvietenia"
,"Brightness": "Jas"
,"Contrast": "Kontrast"
,"Exposure Absolute": "Absolútna expozícia"
,"Exposure Auto": "Automatická expozícia"
,"Exposure Auto Priority": "Automatická priorita expozície"
,"Exposure Time Absolute": "Absolútny čas expozície"
,"Focus Absolute": "Absolútny fokus"
,"Focus Auto": "Automatický fokus"
,"Gain": "Zisk"
,"Gamma": "Gamma"
,"Hue": "Zafarbenie"
,"Led1 Mode": "Režim LED1"
,"Led1 Frequency": "Frekvencia LED1"
,"Pan Absolute": "Absolútny posun"
,"Power Line Frequency": "Frekvencia napätia"
,"Saturation": "Sýtosť"
,"Sharpness": "Ostrosť"
,"Tilt Absolute": "Absolútny sklon"
,"White Balance Temperature": "Teplota vyváženia bielej"
,"White Balance Temperature Auto": "Automatická teplota vyváženia bielej"
,"Zoom Absolute": "Absolútne priblíženie"
}
