{"":{"language":"hi","plural-forms":"nplurals=2; plural=(n > 1);"}
,"specialaj signoj ne rajtas en pasvorto": "पासवर्ड में विशेष वर्णों की अनुमति नहीं है"
,"Ĉi tiu kampo estas deviga": "इस क्षेत्र की आवश्यकता है"
,"specialaj signoj ne rajtas en la nomo de kamerao": "विशेष पात्रों को कैमरे के नाम पर अनुमति नहीं है"
,"valoro devas esti multoblo de 8": "मान 8 का एक से अधिक होना चाहिए"
,"specialaj signoj ne rajtas en radika voja nomo": "मूल पथ नाम में विशेष वर्णों की अनुमति नहीं है"
,"dosieroj ne povas esti kreitaj rekte en la radiko de via sistemo": "फ़ाइलें सीधे आपके सिस्टम की जड़ में नहीं बनाई जा सकतीं"
,"enigu validan retpoŝtadreson": "एक मान्य ईमेल पता दर्ज करें"
,"enigu liston de koma apartaj validaj retpoŝtadresoj": "अल्पविराम द्वारा अलग किए गए मान्य ईमेल पतों की सूची दर्ज करें"
,"specialaj signoj ne rajtas en dosiernomo": "फ़ाइल नाम में विशेष वर्णों की अनुमति नहीं है"
,"enigu validan valoron": "एक मान्य मान दर्ज करें"
,"Ĉi rekursie forigos ĉiujn dosierojn ĉeestantajn en la nuba dosierujo \"": "यह पुन: क्लाउड फ़ोल्डर में सभी फ़ाइलों को हटा देगा \""
,"\", ne nur tiuj alŝutitaj de motionEye!": "\", न केवल प्रस्ताव द्वारा अपलोड किए गए!"
,"Ĉi rekursie forigos ĉiujn malnovajn amaskomunikilajn dosierojn en la dosierujo \"": "यह फ़ोल्डर में सभी पुरानी मीडिया फ़ाइलों को पुन: हटा देगा \""
,"\", ne nur tiuj kreitaj de motionEye!": "\", नहीं बस उन गति द्वारा बनाई गई!"
,"Ne eblas redakti la maskon sen valida kameraa bildo!": "मान्य कैमरा छवि के बिना मास्क को संपादित नहीं किया जा सकता है!"
,"Propra": "रिवाज"
,"Propra dosierindiko": "कस्टम फ़ाइल नाम"
,"Retan kunlokon": "ऑनलाइन संचार"
,"Via retumilo ne efektivigas ĉi tiun funkcion!": "आपका ब्राउज़र इस सुविधा को नहीं ले जाता है!"
,"Apliki": "लागू"
,"Certigu, ke ĉiuj agordaj opcioj validas!": "सुनिश्चित करें कि सभी कॉन्फ़िगरेशन विकल्प मान्य हैं!"
,"Ĉi tio rekomencos la sistemon. Daŭrigi?": "यह सिस्टम को पुनरारंभ करेगा। रहना चाहते हैं?"
,"Vere fermiti sistemon?": "सच में सिस्टम बंद?"
,"Malŝaltita": "विकलांग"
,"Ĉu vere restartigi ?": "वास्तव में पुनः आरंभ?"
,"La sistemo rekomencis!": "सिस्टम फिर से शुरू हुआ!"
,"Bonvolu apliki unue la modifitajn agordojn!": "कृपया संशोधित सेटिंग्स पहले लागू करें!"
,"Neniu fotilo por forigi!": "हटाने के लिए कोई कैमरा नहीं!"
,"Ĉu forigi kameraon ": "कैमरा निकाल सकते हैं"
,"motionEye estas ĝisdatigita (aktuala versio: ": "motionEye अपडेट किया गया है (वर्तमान संस्करण:"
,"Nova versio havebla: ": "नया संस्करण उपलब्ध:"
,". Ĝisdatigi?": "। अद्यतन?"
,"motionEye estis sukcese ĝisdatigita!": "motionEye को सफलतापूर्वक अपडेट कर दिया गया है!"
,"Ĝisdatigo malsukcesis!": "अपडेट विफल!"
,"La ĝisdatiga procezo malsukcesis!": "अपग्रेड प्रक्रिया विफल रही!"
,"Rezerva dosiero": "बैकअप फ़ाइल"
,"La rezervan dosieron, kiun vi antaŭe elŝutis.": "बैकअप फ़ाइल जिसे आपने पहले डाउनलोड किया था।"
,"Restaŭrigi Agordon": "कॉन्फ़िगरेशन पुनर्स्थापित करें"
,"Restaŭriganta agordon ...": "कॉन्फ़िगरेशन पुनर्स्थापित कर रहा है ..."
,"La agordo restaŭrigis!": "कॉन्फ़िगरेशन बहाल कर दिया गया है!"
,"Malsukcesis restaŭri la agordon!": "कॉन्फ़िगरेशन को पुनर्स्थापित करने में विफल!"
,"Aliri la alŝutan servon malsukcesis: ": "अपलोड सेवा तक पहुँच विफल रही:"
,"Aliri la alŝutan servon sukcesis!": "अपलोड सेवा तक पहुँच सफल रही!"
,"Sciiga retpoŝto fiaskis:": "समाचार ईमेल विफल:"
,"Certiĝu, ke ĉiuj agordaj opcioj estas validaj!": "सुनिश्चित करें कि सभी कॉन्फ़िगरेशन विकल्प मान्य हैं!"
,"Sciiga Telegramo fiaskis:": "अधिसूचना टेलीग्राम विफल:"
,"Sciiga Telegramo sukcesis!": "अधिसूचना टेलीग्राम सफल रहा!"
,"Aliro al retdividado fiaskis: ": "नेटवर्क ट्रांसमिटिंग तक पहुंच विफल:"
,"Aliro al retdividado sukcesis!": "मंदता तक पहुंच सफल रही है!"
,"Ĉu vere forigi ĉi tiun dosieron?": "वास्तव में इस फ़ाइल को हटा दें?"
,"Ĉu vere forigi ĉiujn bildojn de \"%(group)s\"?": "वास्तव में \"%(group)s% (समूह) s\" से सभी छवियां हटाएं?"
,"Ĉu vere forigi ĉiujn filmojn de \"%(group)s\"?": "वास्तव में सभी फिल्मों को \"%(group)s% (समूह) s\" से हटा दें?"
,"Ĉu vere forigi ĉiujn ne grupigitajn bildojn?": "वास्तव में सभी अनियंत्रित चित्र हटाएं?"
,"Ĉu vere forigi ĉiujn ne grupigitajn filmojn?": "वास्तव में सभी अनियंत्रित फिल्में हटाएं?"
,"aldonadi kameraon...": "कैमरा जोड़ें ..."
,"Uzantnomo": "प्रयोक्ता नाम"
,"Pasvorto": "पासवर्ड"
,"Memoru min": "मुझे याद करो"
,"Ensaluti": "लॉग इन करें"
,"Nuligi": "रद्द करना"
,"Vi abortis la filmeton.": "आपने वीडियो को निरस्त कर दिया।"
,"Reto eraro okazis.": "नेटवर्क त्रुटि हुई।"
,"Malkodado-eraro aŭ neprogresinta funkcio.": "डिकोडिंग त्रुटि या गैर-अस्वीकृत फ़ंक्शन।"
,"Formato ne subtenata aŭ neatingebla/netaŭga por ludado.": "प्लेबैक के लिए प्रारूप समर्थित या दुर्गम / अनुपयुक्त नहीं है।"
,"Nekonata eraro okazis.": "एक अज्ञात त्रुटि हुई।"
,"Eraro : ": "त्रुटि:"
,"antaŭa bildo": "पिछली छवि"
,"ludi": "खेलने के लिए"
,"ludi * 5 kaj enĉenigi": "खेल * 5 और श्रृंखला"
,"sekva bildo": "अगली छवि"
,"Fermi": "पास"
,"Elŝuti": "डाउनलोड"
,"Forigi": "निकालें"
,"Kamerao tipo": "कैमरा प्रकार"
,"Loka V4L2-kamerao": "स्थानीय V4L2 कैमरा"
,"Loka MMAL-kamerao": "स्थानीय MMAL कैमरा"
,"Reta kamerao": "नेटवर्क कैमरा"
,"Fora motionEye kamerao": "बाहर गति कैमरा"
,"Simpla MJPEG-kamerao": "सरल MJPEG कैमरा"
,"la speco de kamerao, kiun vi volas aldoni": "जिस प्रकार का कैमरा आप जोड़ना चाहते हैं"
,"URL": "यूआरएल"
,"http://ekzemplo.com:8765/cams/...": "http: //example.com: 8765 / cams / ..."
,"la kameraa URL (ekz. http://ekzemplo.com:8080/cam/)": "कैमरा URL (जैसे http://example.com:8080/cam/)"
,"uzantnomo...": "उपयोगकर्ता नाम ..."
,"la uzantnomo por la URL, se bezonata (ekz. administranto)": "यदि आवश्यक हो, तो URL के लिए उपयोगकर्ता नाम (उदाहरण के लिए)"
,"pasvorto...": "पासवर्ड ..."
,"la pasvorto por la URL, se bezonata": "जरूरत पड़ने पर URL के लिए पासवर्ड"
,"Kamerao": "कैमरा"
,"la kameraon, kiun vi volas aldoni": "कैमरा जिसे आप जोड़ना चाहते हैं"
,"Fora motionEye kamerao estas kameraoj instalitaj malantaŭ alia servilo de MotionEye. Aldonante ilin ĉi tie permesos vin rigardi kaj administri ilin de malproksime.": "एक रिमोट मोशन कैमरा एक कैमरा है जो दूसरे MotionEye सर्वर के पीछे स्थापित होता है। उन्हें यहां जोड़ने से आप उन्हें दूर से देख और प्रबंधित कर पाएंगे।"
,"Retaj kameraoj (aŭ IP-kameraoj) estas aparatoj, kiuj denaske fluas RTSP/RTMP aŭ MJPEG-filmetojn aŭ simplajn JPEG-bildojn. Konsultu la manlibron de via aparato por ekscii la ĝustan URL RTSP, RTMP, MJPEG aŭ JPEG.": "नेटवर्क कैमरा (या आईपी कैमरा) ऐसे उपकरण हैं जो मूल रूप से RTSP / RTMP या MJPEG वीडियो या सरल JPEG छवियों को स्ट्रीम करते हैं। सही RTSP, RTMP, MJPEG या JPEG URL का पता लगाने के लिए अपने डिवाइस के मैनुअल से परामर्श करें।"
,"Lokaj MMAL-kameraoj estas aparatoj konektitaj rekte al via motionEye-sistemo. Ĉi tiuj estas kutime kart-specifaj kameraoj.": "स्थानीय एमएमएएल कैमरे ऐसे उपकरण हैं जो सीधे आपके मोशन सिस्टम से जुड़े होते हैं। ये आमतौर पर कार्ड-विशिष्ट कैमरे होते हैं।"
,"Aldonante vian aparaton kiel simplan MJPEG-kameraon anstataŭ kiel retan kameraon plibonigos la fotografaĵon, sed neniu moviĝo-detekto, bilda kaptado aŭ registrado de filmoj estos disponebla por ĝi. La kamerao devas esti alirebla por via servilo kaj via retumilo. Ĉi tiu tipo de kamerao ne kongruas kun Internet Explorer.": "वेब कैमरा के बजाय एक साधारण MJPEG कैमरे के रूप में अपने डिवाइस को जोड़ने से फोटोग्राफी में सुधार होगा, लेकिन इसके लिए कोई मोशन डिटेक्शन, इमेज कैप्चर या मूवी रिकॉर्डिंग उपलब्ध नहीं होगी। कैमरा आपके सर्वर और आपके ब्राउज़र के लिए सुलभ होना चाहिए। इस प्रकार का कैमरा इंटरनेट एक्सप्लोरर से मेल नहीं खाता है।"
,"Lokaj V4L2-kameraoj estas kameraaj aparatoj konektitaj rekte al via motionEye-sistemo, kutime per USB.": "स्थानीय V4L2 कैमरे आमतौर पर USB के माध्यम से सीधे आपके मोशन सिस्टम से जुड़े कैमरा डिवाइस होते हैं।"
,"Aldonadi kameraon...": "कैमरा जोड़ें ..."
,"Grupo": "समूह"
,"Inkluzivi foton prenitan ĉiun": "प्रत्येक में शामिल एक तस्वीर शामिल करें"
,"sekundo": "दूसरा"
,"5 sekundoj": "5 सेकंड"
,"10 sekundoj": "10 सेकंड"
,"30 sekundoj": "30 सेकंड"
,"minuto": "मिनट"
,"5 minutoj": "5 मिनट"
,"10 minutoj": "10 मिनट"
,"30 minutoj": "30 मिनट"
,"horo": "एक घंटा"
,"Elektu la intervalon de tempo inter du elektitaj bildoj.": "दो चयनित छवियों के बीच समय अंतराल का चयन करें।"
,"Filmo framfrekvenco": "मूवी फ्रेम दर"
,"Elektu kiom rapide vi volas ke la akselita video estu.": "चुनें कि आप कितनी तेजी से त्वरित वीडियो चाहते हैं।"
,"Konsiderante la grandan nombron da bildoj, krei vian video povus daŭri iom da tempo!": "बड़ी संख्या में छवियों को ध्यान में रखते हुए, आपके वीडियो को बनाने में कुछ समय लग सकता है!"
,"Krei akselita video": "एक त्वरित वीडियो बनाएं"
,"Filmo kreanta en progreso...": "एक फिल्म प्रगति पर है ..."
,"Zipitaj": "Zipitaj"
,"Akselita video": "त्वरित वीडियो"
,"Forigi ĉiujn": "उन सबको हटाओ"
,"Bildoj prenitaj de ": "द्वारा लिए गए चित्र"
,"Filmoj registritaj de ": "द्वारा दर्ज की गई फिल्में"
,"montru ĉi tiun fotilon plenekranan": "इस कैमरे को पूर्णकालिक दिखाएं"
,"montri ĉiujn fotilojn": "सभी कैमरे दिखाएं"
,"montru nur ĉi tiun fotilon": "केवल यह कैमरा दिखाएं"
,"malfermaj bildoj retumilo": "खुले चित्र ब्राउज़र"
,"malferma videoj retumilo": "खुले वीडियो ब्राउज़र"
,"agordi ĉi tiun kameraon": "इस कैमरे को सेट करें"
,"preni instantaron": "एक स्नैपशॉट ले लो"
,"Vi ankoraŭ ne agordis iun kameraon. Alklaku ĉi tie por aldoni unu ...": "आपने अभी तक कोई कैमरा कॉन्फ़िगर नहीं किया है। एक जोड़ने के लिए यहां क्लिक करें ..."
,"enigu pozitivan nombron": "एक सकारात्मक संख्या दर्ज करें"
,"enigu pozitivan entjeran nombron": "एक सकारात्मक पूर्णांक दर्ज करें"
,"enigu nombron": "एक नंबर दर्ज करें"
,"enigu entjeran nombron": "पूर्णांक दर्ज करें"
," inter ": "बीच में"
," kaj ": "और"
," pli ol ": "से अधिक है"
," malpli ol ": "से कम है"
,"enigu validan tempon en la sekva formato: HH:MM": "निम्न प्रारूप में मान्य समय दर्ज करें: HH: MM"
,"enigu validan URL (ekz. http://ekzemplo.com:8080/cams/)": "एक मान्य URL दर्ज करें (जैसे http://example.com:8080/cams/)"
,"fermi": "बंद करना"
,"Ne": "नहीं"
,"Jes": "हां"
,"Bone": "अच्छी तरह से"
,"Auto Exposure": "स्वतः एक्सपोजर"
,"Backlight Compensation": "बैकलाइट मुआवजा"
,"Brightness": "चमक"
,"Contrast": "अंतर"
,"Exposure Absolute": "एक्सपोजर बिल्कुल"
,"Exposure Auto": "एक्सपोजर ऑटो"
,"Exposure Auto Priority": "एक्सपोजर स्वत: प्राथमिकता"
,"Exposure Time Absolute": "एक्सपोज़र समय बिल्कुल"
,"Focus Absolute": "पूरी तरह से ध्यान केंद्रित करें"
,"Focus Auto": "फोकस ऑटो"
,"Gain": "बढ़त"
,"Gamma": "गामा"
,"Hue": "रंग"
,"Led1 Mode": "LED1 मोड"
,"Led1 Frequency": "एलईडी 1 आवृत्ति"
,"Pan Absolute": "पूरी तरह से पैन"
,"Power Line Frequency": "बिजली लाइन आवृत्ति"
,"Saturation": "परिपूर्णता"
,"Sharpness": "तीखेपन"
,"Tilt Absolute": "बिल्कुल झुकाव"
,"White Balance Temperature": "सफेद संतुलन तापमान"
,"White Balance Temperature Auto": "सफेद संतुलन तापमान ऑटो"
,"Zoom Absolute": "ज़ूम बिल्कुल"
}
