{"":{"language":"pt","plural-forms":"nplurals=2; plural=(n > 1);"}
,"specialaj signoj ne rajtas en pasvorto": "caracteres especiais não são permitidos na senha"
,"Ĉi tiu kampo estas deviga": "Este campo é obrigatório"
,"specialaj signoj ne rajtas en la nomo de kamerao": "caracteres especiais não são permitidos no nome de câmera"
,"valoro devas esti multoblo de 8": "o valor deve ser um múltiplo de 8"
,"specialaj signoj ne rajtas en radika voja nomo": "caracteres especiais não são permitidos no nome de pasta raiz"
,"dosieroj ne povas esti kreitaj rekte en la radiko de via sistemo": "ficheiros não podem ser criados diretamente na raiz do seu sistema"
,"enigu validan retpoŝtadreson": "insira um endereço de email válido"
,"enigu liston de koma apartaj validaj retpoŝtadresoj": "insira uma lista de endereços de email válidos separados por vírgula"
,"specialaj signoj ne rajtas en dosiernomo": "caracteres especiais não são permitidos no nome do ficheiro"
,"enigu validan valoron": "insira um valor válido"
,"Ĉi rekursie forigos ĉiujn dosierojn ĉeestantajn en la nuba dosierujo \"": "Isto recursivamente excluirá todos os ficheiros da pasta na nuvem \""
,"\", ne nur tiuj alŝutitaj de motionEye!": "\", não apenas aqueles enviados por motionEye!"
,"Ĉi rekursie forigos ĉiujn malnovajn amaskomunikilajn dosierojn en la dosierujo \"": "Isto recursivamente excluirá todos os ficheiros de mídia velhos da pasta \""
,"\", ne nur tiuj kreitaj de motionEye!": "\", não apenas aqueles criados por motionEye!"
,"Ne eblas redakti la maskon sen valida kameraa bildo!": "Não é possível editar a máscara sem uma imagem de câmera válida!"
,"Propra": "Personalizado"
,"Propra dosierindiko": "Nome de caminho personalizado"
,"Retan kunlokon": "compartilhamento de rede"
,"Via retumilo ne efektivigas ĉi tiun funkcion!": "Seu navegador não realiza este recurso!"
,"Apliki": "Aplicar"
,"Certigu, ke ĉiuj agordaj opcioj validas!": "Verifique, se todas as opções de configuração são válidas!"
,"Ĉi tio rekomencos la sistemon. Daŭrigi?": "Isso reiniciará o sistema. Continuar?"
,"Vere fermiti sistemon?": "Deseja realmente desligar o sistema?"
,"Malŝaltita": "Desligado"
,"Ĉu vere restartigi ?": "Deseja realmente reiniciar agora?"
,"La sistemo rekomencis!": "O sistema foi reiniciado!"
,"Bonvolu apliki unue la modifitajn agordojn!": "Aplique primeiro as configurações modificadas!"
,"Neniu fotilo por forigi!": "Nenhuma câmera para remover!"
,"Ĉu forigi kameraon ": "Pode remover a câmera "
,"motionEye estas ĝisdatigita (aktuala versio: ": "O motionEye está atualizado (versão atual: "
,"Nova versio havebla: ": "Nova versão disponível: "
,". Ĝisdatigi?": ". Atualizar?"
,"motionEye estis sukcese ĝisdatigita!": "motionEye foi atualizado com sucesso!"
,"Ĝisdatigo malsukcesis!": "Atualização malsucedida!"
,"La ĝisdatiga procezo malsukcesis!": "O processo de atualização falhou!"
,"Rezerva dosiero": "Arquivo de cópia de segurança"
,"La rezervan dosieron, kiun vi antaŭe elŝutis.": "O arquivo de cópia de segurança que você baixou anteriormente."
,"Restaŭrigi Agordon": "Restaurar configuração"
,"Restaŭriganta agordon ...": "Restaurando configuração ..."
,"La agordo restaŭrigis!": "A configuração foi restaurada!"
,"Malsukcesis restaŭri la agordon!": "Restauração de configuração malsucedida!"
,"Aliri la alŝutan servon malsukcesis: ": "O acesso ao serviço de upload falhou: "
,"Aliri la alŝutan servon sukcesis!": "O acesso ao serviço de upload foi bem-sucedido!"
,"Sciiga retpoŝto fiaskis:": "E-mail de notificação falhou:"
,"Certiĝu, ke ĉiuj agordaj opcioj estas validaj!": "Verifique, se todas as opções de configuração são válidas!"
,"Sciiga Telegramo fiaskis:": "O telegrama de notificação falhou:"
,"Sciiga Telegramo sukcesis!": "O telegrama de notificação foi bem sucedido!"
,"Aliro al retdividado fiaskis: ": "O acesso à transmissão de rede falhou: "
,"Aliro al retdividado sukcesis!": "O acesso ao compartilhamento de rede foi bem sucedido!"
,"Ĉu vere forigi ĉi tiun dosieron?": "Deseja mesmo excluir este ficheiro?"
,"Ĉu vere forigi ĉiujn bildojn de \"%(group)s\"?": "Excluir realmente todas as imagens de \"%(group)s\"?"
,"Ĉu vere forigi ĉiujn filmojn de \"%(group)s\"?": "Remover realmente todos os vídeos de \"%(group)s\"?"
,"Ĉu vere forigi ĉiujn ne grupigitajn bildojn?": "Deseja excluir todas as imagens não agrupadas?"
,"Ĉu vere forigi ĉiujn ne grupigitajn filmojn?": "Deseja excluir todos os filmes não agrupados?"
,"aldonadi kameraon...": "adicionar câmera..."
,"Uzantnomo": "Nome de usuário"
,"Pasvorto": "Senha"
,"Memoru min": "Lembra de mim"
,"Ensaluti": "Entrar"
,"Nuligi": "Cancelar"
,"Vi abortis la filmeton.": "Você terminou o vídeo."
,"Reto eraro okazis.": "Ocorreu um erro de rede."
,"Malkodado-eraro aŭ neprogresinta funkcio.": "Erro de decodificação ou função não progredida."
,"Formato ne subtenata aŭ neatingebla/netaŭga por ludado.": "Formato não compatível ou inacessível/inadequado para reprodução."
,"Nekonata eraro okazis.": "Ocorreu um erro desconhecido."
,"Eraro : ": "Erro: "
,"antaŭa bildo": "imagem anterior"
,"ludi": "Reproduzir"
,"ludi * 5 kaj enĉenigi": "Reproduzir 5 vezes mais rápido"
,"sekva bildo": "próxima imagem"
,"Fermi": "Fechar"
,"Elŝuti": "Baixar"
,"Forigi": "Excluir"
,"Kamerao tipo": "Tipo de câmera"
,"Loka V4L2-kamerao": "Câmera V4L2 local"
,"Loka MMAL-kamerao": "Câmera MMAL local"
,"Reta kamerao": "Câmera de Rede"
,"Fora motionEye kamerao": "Câmera motionEye externa"
,"Simpla MJPEG-kamerao": "Câmera MJPEG simples"
,"la speco de kamerao, kiun vi volas aldoni": "o tipo de câmera, que você deseja adicionar"
,"URL": "URL"
,"http://ekzemplo.com:8765/cams/...": "http://exemplo.pt:8765/cams/..."
,"la kameraa URL (ekz. http://ekzemplo.com:8080/cam/)": "o URL da câmera (por exemplo, http://exemplo.pt:8080/cam/)"
,"uzantnomo...": "nome de usuário ..."
,"la uzantnomo por la URL, se bezonata (ekz. administranto)": "o nome de usuário para o URL, se necessário (p. ex.: admin)"
,"pasvorto...": "senha..."
,"la pasvorto por la URL, se bezonata": "a senha do URL, se necessário"
,"Kamerao": "Camera"
,"la kameraon, kiun vi volas aldoni": "a câmera que deseja adicionar"
,"Fora motionEye kamerao estas kameraoj instalitaj malantaŭ alia servilo de MotionEye. Aldonante ilin ĉi tie permesos vin rigardi kaj administri ilin de malproksime.": "Uma câmera motionEye externa é uma câmera instalada atrás de outro servidor MotionEye. Adicioná-las aqui, lhe permitirá a visualização e administração à distância."
,"Retaj kameraoj (aŭ IP-kameraoj) estas aparatoj, kiuj denaske fluas RTSP/RTMP aŭ MJPEG-filmetojn aŭ simplajn JPEG-bildojn. Konsultu la manlibron de via aparato por ekscii la ĝustan URL RTSP, RTMP, MJPEG aŭ JPEG.": "As câmeras de rede (ou câmeras IP) são dispositivos que transmitem nativamente vídeos RTSP/RTMP ou MJPEG, ou imagens JPEG simples. Consulte o manual do seu dispositivo para descobrir o URL de RTSP, RTMP, MJPEG ou JPEG correto."
,"Lokaj MMAL-kameraoj estas aparatoj konektitaj rekte al via motionEye-sistemo. Ĉi tiuj estas kutime kart-specifaj kameraoj.": "As câmeras MMAL locais são dispositivos conectados diretamente ao seu sistema motionEye. Geralmente, são câmeras específicas da placa(board)."
,"Aldonante vian aparaton kiel simplan MJPEG-kameraon anstataŭ kiel retan kameraon plibonigos la fotografaĵon, sed neniu moviĝo-detekto, bilda kaptado aŭ registrado de filmoj estos disponebla por ĝi. La kamerao devas esti alirebla por via servilo kaj via retumilo. Ĉi tiu tipo de kamerao ne kongruas kun Internet Explorer.": "Adicionar seu dispositivo como câmera MJPEG simples e não como uma câmera de rede, melhorará a imagem, mas a detecção de movimento, captura de imagem e gravação de filme não estarão disponíveis para essa mesma. A câmera deve estar acessível ao seu servidor e seu navegador. Este tipo de câmera não é compatível ao Internet Explorer."
,"Lokaj V4L2-kameraoj estas kameraaj aparatoj konektitaj rekte al via motionEye-sistemo, kutime per USB.": "As câmeras V4L2 locais são dispositivos de câmera conectados diretamente ao seu sistema motionEye, geralmente por USB."
,"Aldonadi kameraon...": "Adicionar câmera ..."
,"Grupo": "Grupo"
,"Inkluzivi foton prenitan ĉiun": "Incluir uma foto tirada cada"
,"sekundo": "segundo"
,"5 sekundoj": "5 segundos"
,"10 sekundoj": "10 segundos"
,"30 sekundoj": "30 segundos"
,"minuto": "minuto"
,"5 minutoj": "5 minutos"
,"10 minutoj": "10 minutos"
,"30 minutoj": "30 minutos"
,"horo": "hora"
,"Elektu la intervalon de tempo inter du elektitaj bildoj.": "Escolha o espaço de tempo entre duas fotos tiradas."
,"Filmo framfrekvenco": "Frequência de imagens do filme"
,"Elektu kiom rapide vi volas ke la akselita video estu.": "Escolha a velocidade de reprodução do vídeo de timelapse."
,"Konsiderante la grandan nombron da bildoj, krei vian video povus daŭri iom da tempo!": "Considerando o grande número de imagens, a criação do seu vídeo pode levar algum tempo!"
,"Krei akselita video": "Crie um vídeo timelapse"
,"Filmo kreanta en progreso...": "Criando video timelapse..."
,"Zipitaj": "Zipado"
,"Akselita video": "Vídeo Timelapse"
,"Forigi ĉiujn": "Excluir todos"
,"Bildoj prenitaj de ": "Fotos tiradas por "
,"Filmoj registritaj de ": "Filmes gravados por "
,"montru ĉi tiun fotilon plenekranan": "Mostrar esta câmera em ecrã inteiro"
,"montri ĉiujn fotilojn": "Mostrar todas as câmeras"
,"montru nur ĉi tiun fotilon": "Mostrar apenas esta câmera"
,"malfermaj bildoj retumilo": "Abrir navegador de imagens"
,"malferma videoj retumilo": "Abrir navegador de vídeos"
,"agordi ĉi tiun kameraon": "Configurar esta câmera"
,"preni instantaron": "Tirar uma foto"
,"Vi ankoraŭ ne agordis iun kameraon. Alklaku ĉi tie por aldoni unu ...": "Você ainda não configurou nenhuma câmera. Clique aqui para adicionar uma ..."
,"enigu pozitivan nombron": "insira um número positivo"
,"enigu pozitivan entjeran nombron": "insira um número inteiro positivo"
,"enigu nombron": "insira um número"
,"enigu entjeran nombron": "insira um número inteiro"
," inter ": " entre "
," kaj ": " e "
," pli ol ": " mais que "
," malpli ol ": " menos que "
,"enigu validan tempon en la sekva formato: HH:MM": "insira um horario válido no seguinte formato: HH:MM"
,"enigu validan URL (ekz. http://ekzemplo.com:8080/cams/)": "insira um URL válido (por exemplo, http://exemplo.pt:8080/cams/)"
,"fermi": "fechar"
,"Ne": "Não"
,"Jes": "Sim"
,"Bone": "Tá bem"
,"Auto Exposure": "Auto Exposure"
,"Backlight Compensation": "Compensação de Luz de Fundo"
,"Brightness": "Brilho"
,"Contrast": "Contraste"
,"Exposure Absolute": "Exposição absoluta"
,"Exposure Auto": "Exposição automática"
,"Exposure Auto Priority": "Exposure Auto Priority"
,"Exposure Time Absolute": "Tempo de exposição absoluta"
,"Focus Absolute": "Focus absoluto"
,"Focus Auto": "Focus automático"
,"Gain": "Gain"
,"Gamma": "Gamma"
,"Hue": "Hue"
,"Led1 Mode": "Modo LED1"
,"Led1 Frequency": "Frequência LED1"
,"Pan Absolute": "Pan Absoluto"
,"Power Line Frequency": "Frequência da linha de energia"
,"Saturation": "Saturação"
,"Sharpness": "Nitidez"
,"Tilt Absolute": "Inclinação absoluta"
,"White Balance Temperature": "Temperatura do equilíbrio de branco"
,"White Balance Temperature Auto": "Temperatura de equilíbrio de branco Automatica"
,"Zoom Absolute": "Zoom absoluto"
}
