{"":{"language":"ar","plural-forms":"nplurals=2; plural=(n > 1);"}
,"specialaj signoj ne rajtas en pasvorto": "الأحرف الخاصة غير مسموح بها في كلمة المرور"
,"Ĉi tiu kampo estas deviga": "هذا الحقل مطلوب"
,"specialaj signoj ne rajtas en la nomo de kamerao": "الأحرف الخاصة غير مسموح بها في اسم الكاميرا"
,"valoro devas esti multoblo de 8": "يجب أن تكون القيمة مضاعفًا لـ 8"
,"specialaj signoj ne rajtas en radika voja nomo": "الأحرف الخاصة غير مسموح بها في اسم مسار الجذر"
,"dosieroj ne povas esti kreitaj rekte en la radiko de via sistemo": "لا يمكن إنشاء الملفات مباشرة في جذر النظام الخاص بك"
,"enigu validan retpoŝtadreson": "أدخل عنوان بريد إلكتروني صالح"
,"enigu liston de koma apartaj validaj retpoŝtadresoj": "أدخل قائمة بعناوين بريد إلكتروني صالحة مفصولة بفواصل"
,"specialaj signoj ne rajtas en dosiernomo": "الأحرف الخاصة غير مسموح بها في اسم الملف"
,"enigu validan valoron": "أدخل قيمة صالحة"
,"Ĉi rekursie forigos ĉiujn dosierojn ĉeestantajn en la nuba dosierujo \"": "سيؤدي هذا بشكل متكرر إلى حذف جميع الملفات الموجودة في المجلد السحابي \""
,"\", ne nur tiuj alŝutitaj de motionEye!": "\"، وليس فقط تلك التي تم تحميلها بواسطة motionEye!"
,"Ĉi rekursie forigos ĉiujn malnovajn amaskomunikilajn dosierojn en la dosierujo \"": "سيؤدي هذا بشكل متكرر إلى حذف جميع ملفات الوسائط القديمة الموجودة في المجلد \""
,"\", ne nur tiuj kreitaj de motionEye!": "\"، وليس فقط تلك التي تم إنشاؤها بواسطة motionEye!"
,"Ne eblas redakti la maskon sen valida kameraa bildo!": "لا يمكن تحرير القناع بدون صورة كاميرا صالحة!"
,"Propra": "الخاصة"
,"Propra dosierindiko": "اسم ملف مخصص"
,"Retan kunlokon": "الاتصال عبر الإنترنت"
,"Via retumilo ne efektivigas ĉi tiun funkcion!": "متصفحك لا ينفذ هذه الميزة!"
,"Apliki": "تطبيق"
,"Certigu, ke ĉiuj agordaj opcioj validas!": "تأكد من أن جميع خيارات التكوين صالحة!"
,"Ĉi tio rekomencos la sistemon. Daŭrigi?": "سيؤدي ذلك إلى إعادة تشغيل النظام. تواصل؟"
,"Vere fermiti sistemon?": "حقا اغلاق النظام؟"
,"Malŝaltita": "متوقف"
,"Ĉu vere restartigi ?": "هل تريد إعادة التشغيل حقًا؟"
,"La sistemo rekomencis!": "تمت إعادة تشغيل النظام!"
,"Bonvolu apliki unue la modifitajn agordojn!": "يرجى تطبيق الإعدادات المعدلة أولاً!"
,"Neniu fotilo por forigi!": "لا توجد كاميرا لإزالتها!"
,"Ĉu forigi kameraon ": "يمكن إزالة الكاميرا"
,"motionEye estas ĝisdatigita (aktuala versio: ": "يتم تحديث motionEye (الإصدار الحالي:"
,"Nova versio havebla: ": "يتوفر إصدار جديد:"
,". Ĝisdatigi?": ". تحديث؟"
,"motionEye estis sukcese ĝisdatigita!": "تم تحديث motionEye بنجاح!"
,"Ĝisdatigo malsukcesis!": "فشل التحديث!"
,"La ĝisdatiga procezo malsukcesis!": "فشلت عملية الترقية!"
,"Rezerva dosiero": "ملف النسخ الاحتياطي"
,"La rezervan dosieron, kiun vi antaŭe elŝutis.": "ملف النسخ الاحتياطي الذي قمت بتنزيله مسبقًا."
,"Restaŭrigi Agordon": "استعادة التكوين"
,"Restaŭriganta agordon ...": "جاري استعادة التكوين ..."
,"La agordo restaŭrigis!": "تمت استعادة التكوين!"
,"Malsukcesis restaŭri la agordon!": "فشل في استعادة التكوين!"
,"Aliri la alŝutan servon malsukcesis: ": "فشل الوصول إلى خدمة التحميل:"
,"Aliri la alŝutan servon sukcesis!": "كان الوصول إلى خدمة التحميل ناجحًا!"
,"Sciiga retpoŝto fiaskis:": "فشل البريد الإلكتروني الأخبار:"
,"Certiĝu, ke ĉiuj agordaj opcioj estas validaj!": "تأكد من أن جميع خيارات التكوين صالحة!"
,"Sciiga Telegramo fiaskis:": "فشل برقية الإعلام:"
,"Sciiga Telegramo sukcesis!": "كان برقية الإعلام ناجحا!"
,"Aliro al retdividado fiaskis: ": "فشل الوصول إلى الشبكة"
,"Aliro al retdividado sukcesis!": "كان الوصول إلى التخلف ناجحا!"
,"Ĉu vere forigi ĉi tiun dosieron?": "هل تريد حقًا حذف هذا الملف؟"
,"Ĉu vere forigi ĉiujn bildojn de \"%(group)s\"?": "هل تريد حقًا حذف جميع الصور من \"%(group)s\"؟"
,"Ĉu vere forigi ĉiujn filmojn de \"%(group)s\"?": "هل تريد حقًا حذف جميع الأفلام من \"%(group)s\"؟"
,"Ĉu vere forigi ĉiujn ne grupigitajn bildojn?": "هل تريد حقًا حذف جميع الصور غير المجمعة؟"
,"Ĉu vere forigi ĉiujn ne grupigitajn filmojn?": "هل تريد حقًا حذف جميع الأفلام غير المجمعة؟"
,"aldonadi kameraon...": "إضافة كاميرا ..."
,"Uzantnomo": "اسم المستخدم"
,"Pasvorto": "كلمة المرور"
,"Memoru min": "تذكرني"
,"Ensaluti": "تسجيل الدخول"
,"Nuligi": "الإلغاء"
,"Vi abortis la filmeton.": "لقد أجهضت الفيديو."
,"Reto eraro okazis.": "حدث خطأ في الشبكة."
,"Malkodado-eraro aŭ neprogresinta funkcio.": "خطأ في فك التشفير أو وظيفة غير متوقعة."
,"Formato ne subtenata aŭ neatingebla/netaŭga por ludado.": "التنسيق غير مدعوم أو يتعذر الوصول إليه / غير مناسب للتشغيل."
,"Nekonata eraro okazis.": "حدث خطأ غير معروف."
,"Eraro : ": "خطأ:"
,"antaŭa bildo": "الصورة السابقة"
,"ludi": "للعب"
,"ludi * 5 kaj enĉenigi": "اللعب * 5 وسلسلة"
,"sekva bildo": "الصورة التالية"
,"Fermi": "أغلق"
,"Elŝuti": "تنزيل"
,"Forigi": "إزالة"
,"Kamerao tipo": "نوع الكاميرا"
,"Loka V4L2-kamerao": "كاميرا V4L2 محلية"
,"Loka MMAL-kamerao": "كاميرا MMAL محلية"
,"Reta kamerao": "كاميرا ويب"
,"Fora motionEye kamerao": "كاميرا خارجية"
,"Simpla MJPEG-kamerao": "كاميرا MJPEG بسيطة"
,"la speco de kamerao, kiun vi volas aldoni": "نوع الكاميرا التي تريد إضافتها"
,"URL": "URL"
,"http://ekzemplo.com:8765/cams/...": "http: //example.com: 8765 / كاميرات / ..."
,"la kameraa URL (ekz. http://ekzemplo.com:8080/cam/)": "عنوان URL للكاميرا (مثل http://example.com:8080/cam/)"
,"uzantnomo...": "اسم المستخدم ..."
,"la uzantnomo por la URL, se bezonata (ekz. administranto)": "اسم المستخدم لعنوان URL ، إذا لزم الأمر (مثل المشرف)"
,"pasvorto...": "كلمة المرور ..."
,"la pasvorto por la URL, se bezonata": "كلمة المرور لعنوان URL ، إذا لزم الأمر"
,"Kamerao": "الكاميرا"
,"la kameraon, kiun vi volas aldoni": "الكاميرا التي تريد إضافتها"
,"Fora motionEye kamerao estas kameraoj instalitaj malantaŭ alia servilo de MotionEye. Aldonante ilin ĉi tie permesos vin rigardi kaj administri ilin de malproksime.": "كاميرا MotionEye عن بعد هي كاميرا مثبتة خلف خادم MotionEye آخر. ستسمح لك إضافتها هنا بمشاهدتها وإدارتها من مسافة بعيدة."
,"Retaj kameraoj (aŭ IP-kameraoj) estas aparatoj, kiuj denaske fluas RTSP/RTMP aŭ MJPEG-filmetojn aŭ simplajn JPEG-bildojn. Konsultu la manlibron de via aparato por ekscii la ĝustan URL RTSP, RTMP, MJPEG aŭ JPEG.": "كاميرات الشبكة (أو كاميرات IP) هي الأجهزة التي تقوم بدفق مقاطع فيديو RTSP / RTMP أو MJPEG أو صور JPEG البسيطة. راجع دليل جهازك لمعرفة عنوان URL RTSP أو RTMP أو MJPEG أو JPEG الصحيح."
,"Lokaj MMAL-kameraoj estas aparatoj konektitaj rekte al via motionEye-sistemo. Ĉi tiuj estas kutime kart-specifaj kameraoj.": "كاميرات MMAL المحلية هي أجهزة متصلة مباشرة بنظام motionEye الخاص بك. عادة ما تكون هذه الكاميرات خاصة بالبطاقة."
,"Aldonante vian aparaton kiel simplan MJPEG-kameraon anstataŭ kiel retan kameraon plibonigos la fotografaĵon, sed neniu moviĝo-detekto, bilda kaptado aŭ registrado de filmoj estos disponebla por ĝi. La kamerao devas esti alirebla por via servilo kaj via retumilo. Ĉi tiu tipo de kamerao ne kongruas kun Internet Explorer.": "ستؤدي إضافة جهازك ككاميرا MJPEG بسيطة بدلاً من ككاميرا ويب إلى تحسين التصوير الفوتوغرافي ، ولكن لن يتوفر أي كشف عن الحركة أو التقاط الصور أو تسجيل الأفلام. يجب أن تكون الكاميرا متاحة لخادمك ومتصفحك. لا يتطابق هذا النوع من الكاميرا مع Internet Explorer."
,"Lokaj V4L2-kameraoj estas kameraaj aparatoj konektitaj rekte al via motionEye-sistemo, kutime per USB.": "كاميرات V4L2 المحلية عبارة عن أجهزة كاميرا متصلة مباشرة بنظام motionEye الخاص بك ، عادةً عبر USB."
,"Aldonadi kameraon...": "إضافة كاميرا ..."
,"Grupo": "مجموعة"
,"Inkluzivi foton prenitan ĉiun": "تضمين صورة تم التقاطها لكل منها"
,"sekundo": "الثانية"
,"5 sekundoj": "5 ثواني"
,"10 sekundoj": "10 ثواني"
,"30 sekundoj": "30 ثانية"
,"minuto": "دقيقة"
,"5 minutoj": "5 دقائق"
,"10 minutoj": "10 دقائق"
,"30 minutoj": "30 دقيقة"
,"horo": "ساعة"
,"Elektu la intervalon de tempo inter du elektitaj bildoj.": "حدد الفترة الزمنية بين صورتين محددتين."
,"Filmo framfrekvenco": "معدل إطار الفيلم"
,"Elektu kiom rapide vi volas ke la akselita video estu.": "اختر مدى السرعة التي تريدها لتسريع الفيديو."
,"Konsiderante la grandan nombron da bildoj, krei vian video povus daŭri iom da tempo!": "بالنظر إلى العدد الكبير من الصور ، قد يستغرق إنشاء الفيديو بعض الوقت!"
,"Krei akselita video": "إنشاء فيديو مسرع"
,"Filmo kreanta en progreso...": "فيلم قيد التقدم ..."
,"Zipitaj": "انغلق"
,"Akselita video": "فيديو معجل"
,"Forigi ĉiujn": "قم بإزالتها جميعًا"
,"Bildoj prenitaj de ": "الصور الملتقطة"
,"Filmoj registritaj de ": "الأفلام المسجلة بواسطة"
,"montru ĉi tiun fotilon plenekranan": "عرض هذه الكاميرا دوام كامل"
,"montri ĉiujn fotilojn": "عرض كل الكاميرات"
,"montru nur ĉi tiun fotilon": "عرض فقط هذه الكاميرا"
,"malfermaj bildoj retumilo": "فتح متصفح الصور"
,"malferma videoj retumilo": "فتح متصفح الفيديو"
,"agordi ĉi tiun kameraon": "ضبط هذه الكاميرا"
,"preni instantaron": "أخذ لقطة"
,"Vi ankoraŭ ne agordis iun kameraon. Alklaku ĉi tie por aldoni unu ...": "لم تقم بعد بتكوين أي كاميرا. انقر هنا لاضافة واحدة ..."
,"enigu pozitivan nombron": "أدخل رقمًا موجبًا"
,"enigu pozitivan entjeran nombron": "أدخل عددًا صحيحًا موجبًا"
,"enigu nombron": "أدخل رقمًا"
,"enigu entjeran nombron": "أدخل عددًا صحيحًا"
," inter ": "بينهما"
," kaj ": "و"
," pli ol ": "أكثر من"
," malpli ol ": "أقل من"
,"enigu validan tempon en la sekva formato: HH:MM": "أدخل وقتًا صالحًا بالتنسيق التالي: HH: MM"
,"enigu validan URL (ekz. http://ekzemplo.com:8080/cams/)": "أدخل عنوان URL صالحًا (مثل http://example.com:8080/cams/)"
,"fermi": "ليغلق"
,"Ne": "لا"
,"Jes": "نعم"
,"Bone": "حسنًا"
,"Auto Exposure": "التعرض التلقائي"
,"Backlight Compensation": "وتعويض الإضاءة الخلفية"
,"Brightness": "سطوع"
,"Contrast": "التباين"
,"Exposure Absolute": "التعرض بالتأكيد"
,"Exposure Auto": "التعرض التلقائي"
,"Exposure Auto Priority": "تعرض أولوية السيارات"
,"Exposure Time Absolute": "وقت التعرض بالتأكيد"
,"Focus Absolute": "ركز تماما"
,"Focus Auto": "التركيز التلقائي"
,"Gain": "ربح"
,"Gamma": "جاما"
,"Hue": "مسحة"
,"Led1 Mode": "وضع LED1"
,"Led1 Frequency": "تردد LED1"
,"Pan Absolute": "عموم بالتأكيد"
,"Power Line Frequency": "تردد خط الطاقة"
,"Saturation": "التشبع"
,"Sharpness": "حدة"
,"Tilt Absolute": "إمالة تماما"
,"White Balance Temperature": "درجة حرارة التوازن الأبيض"
,"White Balance Temperature Auto": "وايت توازن درجة حرارة السيارات"
,"Zoom Absolute": "تكبير بالتأكيد"
}
