{"":{"language":"ta","plural-forms":"nplurals=2; plural=(n > 1);"}
,"specialaj signoj ne rajtas en pasvorto": "கடவுச்சொல்லில் சிறப்பு எழுத்துக்கள் அனுமதிக்கப்படவில்லை"
,"Ĉi tiu kampo estas deviga": "இந்த புலம் கட்டாயமாகும்"
,"specialaj signoj ne rajtas en la nomo de kamerao": "கேமராவின் பெயரில் சிறப்பு எழுத்துக்கள் அனுமதிக்கப்படவில்லை"
,"valoro devas esti multoblo de 8": "மதிப்பு 8 இன் பெருக்கமாக இருக்க வேண்டும்"
,"specialaj signoj ne rajtas en radika voja nomo": "ரூட் சாலை பெயரில் சிறப்பு எழுத்துக்கள் அனுமதிக்கப்படவில்லை"
,"dosieroj ne povas esti kreitaj rekte en la radiko de via sistemo": "உங்கள் கணினியின் மூலத்தில் கோப்புகளை நேரடியாக உருவாக்க முடியாது"
,"enigu validan retpoŝtadreson": "சரியான மின்னஞ்சல் முகவரியை உள்ளிடவும்"
,"enigu liston de koma apartaj validaj retpoŝtadresoj": "கோமா தனி செல்லுபடியாகும் மின்னஞ்சல் முகவரிகளின் பட்டியலை உள்ளிடவும்"
,"specialaj signoj ne rajtas en dosiernomo": "கோப்பு பெயரில் சிறப்பு எழுத்துக்கள் அனுமதிக்கப்படவில்லை"
,"enigu validan valoron": "சரியான மதிப்பை உள்ளிடவும்"
,"Ĉi rekursie forigos ĉiujn dosierojn ĉeestantajn en la nuba dosierujo \"": "இந்த மறுநிகழ்வு முகில் கோப்பகத்தில் இருக்கும் அனைத்து கோப்புகளையும் நீக்கும் \""
,"\", ne nur tiuj alŝutitaj de motionEye!": "\", மோசன் பதிவேற்றியவை மட்டுமல்ல!"
,"Ĉi rekursie forigos ĉiujn malnovajn amaskomunikilajn dosierojn en la dosierujo \"": "இந்த மறுநிகழ்வு கோப்பகத்தில் உள்ள அனைத்து பழைய ஊடக கோப்புகளையும் நீக்கும் \""
,"\", ne nur tiuj kreitaj de motionEye!": "\", மோசன் உருவாக்கியவை மட்டுமல்ல!"
,"Ne eblas redakti la maskon sen valida kameraa bildo!": "செல்லுபடியாகும் கேமரா படம் இல்லாமல் முகமூடியைத் திருத்த முடியவில்லை!"
,"Propra": "சொந்தமானது"
,"Propra dosierindiko": "சொந்த கோப்பு அறிகுறி"
,"Retan kunlokon": "நிகழ்நிலை கோ -இடம்"
,"Via retumilo ne efektivigas ĉi tiun funkcion!": "உங்கள் உலாவி இந்த அம்சத்தை செய்யாது!"
,"Apliki": "விண்ணப்பிக்கவும்"
,"Certigu, ke ĉiuj agordaj opcioj validas!": "அனைத்து உள்ளமைவு விருப்பங்களும் செல்லுபடியாகும் என்பதை உறுதிப்படுத்திக் கொள்ளுங்கள்!"
,"Ĉi tio rekomencos la sistemon. Daŭrigi?": "இது கணினியை மீண்டும் தொடங்கும். தொடர?"
,"Vere fermiti sistemon?": "உண்மையில் ஒரு அமைப்பை மூடியதா?"
,"Malŝaltita": "அணைக்கப்பட்டது"
,"Ĉu vere restartigi ?": "உண்மையில் மறுதொடக்கம் செய்யவா?"
,"La sistemo rekomencis!": "கணினி மீண்டும் தொடங்கியது!"
,"Bonvolu apliki unue la modifitajn agordojn!": "மாற்றியமைக்கப்பட்ட அமைப்புகளை முதலில் பயன்படுத்துங்கள்!"
,"Neniu fotilo por forigi!": "அகற்ற கேமரா இல்லை!"
,"Ĉu forigi kameraon ": "கேமராவை அகற்ற வேண்டுமா "
,"motionEye estas ĝisdatigita (aktuala versio: ": "மோசன் புதுப்பிக்கப்பட்டுள்ளது (தற்போதைய பதிப்பு: "
,"Nova versio havebla: ": "புதிய பதிப்பு கிடைக்கிறது: "
,". Ĝisdatigi?": ". புதுப்பிப்பு?"
,"motionEye estis sukcese ĝisdatigita!": "மோசன் ஐ வெற்றிகரமாக புதுப்பிக்கப்பட்டுள்ளது!"
,"Ĝisdatigo malsukcesis!": "புதுப்பிப்பு தோல்வியடைந்தது!"
,"La ĝisdatiga procezo malsukcesis!": "புதுப்பிப்பு செயல்முறை தோல்வியடைந்தது!"
,"Rezerva dosiero": "காப்புப்பிரதி கோப்பு"
,"La rezervan dosieron, kiun vi antaŭe elŝutis.": "நீங்கள் முன்பு பதிவிறக்கிய காப்பு கோப்பு."
,"Restaŭrigi Agordon": "உள்ளமைவை மீட்டெடுக்கவும்"
,"Restaŭriganta agordon ...": "அமைப்பை மீட்டமை ..."
,"La agordo restaŭrigis!": "உள்ளமைவு மீட்டமைக்கப்பட்டுள்ளது!"
,"Malsukcesis restaŭri la agordon!": "உள்ளமைவை மீட்டெடுப்பதில் தோல்வி!"
,"Aliri la alŝutan servon malsukcesis: ": "பதிவேற்ற சேவையை அணுக தோல்வியுற்றது: "
,"Aliri la alŝutan servon sukcesis!": "அணுகல் பதிவேற்ற பணி வெற்றிகரமாக உள்ளது!"
,"Sciiga retpoŝto fiaskis:": "அறிவிப்பு மின்னஞ்சல் தோல்வியடைந்தது:"
,"Certiĝu, ke ĉiuj agordaj opcioj estas validaj!": "அனைத்து உள்ளமைவு விருப்பங்களும் செல்லுபடியாகும் என்பதை உறுதிப்படுத்திக் கொள்ளுங்கள்!"
,"Sciiga Telegramo fiaskis:": "செய்தி தந்தி தோல்வியுற்றது:"
,"Sciiga Telegramo sukcesis!": "செய்தி தந்தி வெற்றிகரமாக உள்ளது!"
,"Aliro al retdividado fiaskis: ": "வலை பிரிவுக்கான அணுகல் தோல்வியடைந்துள்ளது: "
,"Aliro al retdividado sukcesis!": "வலை பிரிவுக்கான அணுகல் வெற்றிகரமாக உள்ளது!"
,"Ĉu vere forigi ĉi tiun dosieron?": "உண்மையில் இந்த கோப்பை நீக்கவா?"
,"Ĉu vere forigi ĉiujn bildojn de \"%(group)s\"?": "எல்லா படங்களையும் \"%(group)s\" இலிருந்து நீக்கவா?"
,"Ĉu vere forigi ĉiujn filmojn de \"%(group)s\"?": "எல்லா திரைப்படங்களையும் \"%(group)s\" இலிருந்து நீக்கவா?"
,"Ĉu vere forigi ĉiujn ne grupigitajn bildojn?": "தொகுக்கப்படாத அனைத்து படங்களையும் நீக்கவா?"
,"Ĉu vere forigi ĉiujn ne grupigitajn filmojn?": "குழுவில் இல்லாத அனைத்து திரைப்படங்களையும் உண்மையில் அகற்றவா?"
,"aldonadi kameraon...": "ஒரு கேமரா சேர்க்கவும் ..."
,"Uzantnomo": "பயனர்பெயர்"
,"Pasvorto": "கடவுச்சொல்"
,"Memoru min": "என்னை நினைவில் கொள்ளுங்கள்"
,"Ensaluti": "உள்நுழைக"
,"Nuligi": "ரத்துசெய்"
,"Vi abortis la filmeton.": "நீங்கள் வீடியோவை நிறுத்திவிட்டீர்கள்."
,"Reto eraro okazis.": "பிணைய பிழை ஏற்பட்டது."
,"Malkodado-eraro aŭ neprogresinta funkcio.": "டிகோடிங் பிழை அல்லது முற்போக்கான செயல்பாடு."
,"Formato ne subtenata aŭ neatingebla/netaŭga por ludado.": "வடிவமைப்பு ஆதரிக்கப்படவில்லை அல்லது கிடைக்கவில்லை/விளையாடுவதற்கு பொருத்தமற்றது."
,"Nekonata eraro okazis.": "அறியப்படாத பிழை ஏற்பட்டது."
,"Eraro : ": "பிழை: "
,"antaŭa bildo": "முந்தைய படம்"
,"ludi": "விளையாட"
,"ludi * 5 kaj enĉenigi": "* 5 விளையாடவும் உள்ளே செல்லவும்"
,"sekva bildo": "அடுத்த படம்"
,"Fermi": "ஃபெர்மி"
,"Elŝuti": "பதிவிறக்குங்கள்"
,"Forigi": "அகற்ற"
,"Kamerao tipo": "கேமரா வகை"
,"Loka V4L2-kamerao": "உள்ளக வி 4 எல் 2 கேமரா"
,"Loka MMAL-kamerao": "Mmal-camer அல்ல"
,"Reta kamerao": "நிகழ்நிலை கேமரா"
,"Fora motionEye kamerao": "ஃபோரா மோசன் ஐ கேமரா"
,"Simpla MJPEG-kamerao": "எளிய"
,"la speco de kamerao, kiun vi volas aldoni": "நீங்கள் சேர்க்க விரும்பும் கேமரா வகை"
,"URL": "முகவரி"
,"http://ekzemplo.com:8765/cams/...": "http://ekzemplo.com:8765/cams/..."
,"la kameraa URL (ekz. http://ekzemplo.com:8080/cam/)": "கேமரா முகவரி (எ.கா. http://ekzemplo.com:8080/cam/)"
,"uzantnomo...": "பயனர்பெயர் ..."
,"la uzantnomo por la URL, se bezonata (ekz. administranto)": "தேவைப்பட்டால் (எ.கா. நிர்வாகி) முகவரி க்கான பயனர்பெயர்"
,"pasvorto...": "கடவுச்சொல் ..."
,"la pasvorto por la URL, se bezonata": "தேவைப்பட்டால், முகவரி க்கான கடவுச்சொல்"
,"Kamerao": "கேமரா"
,"la kameraon, kiun vi volas aldoni": "நீங்கள் சேர்க்க விரும்பும் கேமரா"
,"Fora motionEye kamerao estas kameraoj instalitaj malantaŭ alia servilo de MotionEye. Aldonante ilin ĉi tie permesos vin rigardi kaj administri ilin de malproksime.": "ஃபோரா மோசன் ஐ கேமரா மற்றொரு மோசன்இஇ சேவையகத்தின் பின்னால் நிறுவப்பட்ட கேமராக்கள். அவற்றை இங்கே சேர்ப்பது தூரத்திலிருந்து அவற்றைப் பார்க்கவும் நிர்வகிக்கவும் உங்களை அனுமதிக்கும்."
,"Retaj kameraoj (aŭ IP-kameraoj) estas aparatoj, kiuj denaske fluas RTSP/RTMP aŭ MJPEG-filmetojn aŭ simplajn JPEG-bildojn. Konsultu la manlibron de via aparato por ekscii la ĝustan URL RTSP, RTMP, MJPEG aŭ JPEG.": "வலை கேமராக்கள் (அல்லது ஐபி கேமராக்கள்) என்பது RTSP/RTMP அல்லது MJPEG வீடியோக்கள் அல்லது எளிய JPEG படங்களை பூசும் சாதனங்கள். சரியான முகவரி RTSP, RTMP, MJPEG அல்லது JPEG ஐ அறிய உங்கள் சாதனத்தின் கையேட்டைப் பாருங்கள்."
,"Lokaj MMAL-kameraoj estas aparatoj konektitaj rekte al via motionEye-sistemo. Ĉi tiuj estas kutime kart-specifaj kameraoj.": "உள்ளக MMAL கேமராக்கள் உங்கள் இயக்க அமைப்புடன் நேரடியாக இணைக்கப்பட்ட சாதனங்கள். இவை பொதுவாக அட்டை சார்ந்த கேமராக்கள்."
,"Aldonante vian aparaton kiel simplan MJPEG-kameraon anstataŭ kiel retan kameraon plibonigos la fotografaĵon, sed neniu moviĝo-detekto, bilda kaptado aŭ registrado de filmoj estos disponebla por ĝi. La kamerao devas esti alirebla por via servilo kaj via retumilo. Ĉi tiu tipo de kamerao ne kongruas kun Internet Explorer.": "நிகழ்நிலை கேமரா புகைப்படத்தை எவ்வாறு மேம்படுத்துகிறது என்பதற்குப் பதிலாக உங்கள் சாதனத்தை எளிய MJPEG கேமராவாகச் சேர்ப்பது, ஆனால் இயக்கக் கண்டறிதல், பட பிடிப்பு அல்லது பதிவு திரைப்படங்கள் எதுவும் கிடைக்காது. உங்கள் சேவையகம் மற்றும் உங்கள் உலாவிக்கு கேமரா அணுகப்பட வேண்டும். இந்த வகை கேமரா இன்டர்நெட் எக்ச்ப்ளோரருடன் பொருந்தவில்லை."
,"Lokaj V4L2-kameraoj estas kameraaj aparatoj konektitaj rekte al via motionEye-sistemo, kutime per USB.": "உள்ளக வி 4 எல் 2 கேமராக்கள் கேமரா சாதனங்கள் ஆகும், இது பொதுவாக யூ.எச்.பி மூலம் உங்கள் இயக்க அமைப்புடன் நேரடியாக இணைக்கப்பட்டுள்ளது."
,"Aldonadi kameraon...": "ஒரு கேமரா சேர்க்கவும் ..."
,"Grupo": "குழு"
,"Inkluzivi foton prenitan ĉiun": "ஒவ்வொன்றும் எடுக்கப்பட்ட புகைப்படத்தை சேர்க்கவும்"
,"sekundo": "ஒரு இரண்டாவது"
,"5 sekundoj": "5 விநாடிகள்"
,"10 sekundoj": "10 வினாடிகள்"
,"30 sekundoj": "30 வினாடிகள்"
,"minuto": "நிமிடங்கள்"
,"5 minutoj": "5 நிமிடங்கள்"
,"10 minutoj": "10 நிமிடங்கள்"
,"30 minutoj": "30 நிமிடங்கள்"
,"horo": "ஓரோ"
,"Elektu la intervalon de tempo inter du elektitaj bildoj.": "தேர்ந்தெடுக்கப்பட்ட இரண்டு படங்களுக்கு இடையில் நேர வரம்பைத் தேர்ந்தெடுக்கவும்."
,"Filmo framfrekvenco": "மூவி பிரேம் வீதம்"
,"Elektu kiom rapide vi volas ke la akselita video estu.": "ஆயுதமேந்திய வீடியோ எவ்வளவு விரைவாக இருக்க வேண்டும் என்பதைத் தேர்வுசெய்க."
,"Konsiderante la grandan nombron da bildoj, krei vian video povus daŭri iom da tempo!": "அதிக எண்ணிக்கையிலான படங்களைக் கருத்தில் கொண்டு, உங்கள் வீடியோவை உருவாக்க சிறிது நேரம் ஆகலாம்!"
,"Krei akselita video": "க்ரீ அச்சு வீடியோ"
,"Filmo kreanta en progreso...": "திரைப்படத்தை உருவாக்குதல் முன்னேற்றத்தில் உள்ளது ..."
,"Zipitaj": "சிப்"
,"Akselita video": "அச்சு வீடியோ"
,"Forigi ĉiujn": "அனைத்தையும் அகற்று"
,"Bildoj prenitaj de ": "எடுக்கப்பட்ட படங்கள் "
,"Filmoj registritaj de ": "படங்கள் பதிவு செய்தன "
,"montru ĉi tiun fotilon plenekranan": "இந்த கேமராவைக் காட்டுங்கள்"
,"montri ĉiujn fotilojn": "அனைத்து கேமராக்களையும் காட்டு"
,"montru nur ĉi tiun fotilon": "இந்த கேமராவை மட்டும் காட்டு"
,"malfermaj bildoj retumilo": "திறந்த படங்கள் உலாவி"
,"malferma videoj retumilo": "திறந்த வீடியோக்கள் உலாவி"
,"agordi ĉi tiun kameraon": "இந்த கேமராவை அமைக்கவும்"
,"preni instantaron": "ஒரு உடனடி எடுக்க"
,"Vi ankoraŭ ne agordis iun kameraon. Alklaku ĉi tie por aldoni unu ...": "நீங்கள் இதுவரை எந்த கேமராவையும் அமைக்கவில்லை. ஒன்றைச் சேர்க்க இங்கே சொடுக்கு செய்க ..."
,"enigu pozitivan nombron": "நேர்மறை எண்ணை உள்ளிடவும்"
,"enigu pozitivan entjeran nombron": "நேர்மறை முழு எண் எண்ணை உள்ளிடவும்"
,"enigu nombron": "ஒரு எண்ணை உள்ளிடவும்"
,"enigu entjeran nombron": "ஒரு முழு எண் எண்ணை உள்ளிடவும்"
," inter ": " இடை "
," kaj ": " மற்றும் "
," pli ol ": " விட "
," malpli ol ": " குறைவாக "
,"enigu validan tempon en la sekva formato: HH:MM": "பின்வரும் வடிவத்தில் செல்லுபடியாகும் நேரத்தை உள்ளிடவும்: HH: மிமீ"
,"enigu validan URL (ekz. http://ekzemplo.com:8080/cams/)": "செல்லுபடியாகும் முகவரி ஐ உள்ளிடவும் (எ.கா. http://ekzemplo.com:8080/cams/)"
,"fermi": "ஃபெர்மி"
,"Ne": "அது"
,"Jes": "செச்"
,"Bone": "எலும்பு"
,"Auto Exposure": "ஆட்டோ வெளிப்பாடு"
,"Backlight Compensation": "பின்னொளி இழப்பீடு"
,"Brightness": "ஒளி"
,"Contrast": "மாறுபாடு"
,"Exposure Absolute": "வெளிப்பாடு முழுமையானது"
,"Exposure Auto": "வெளிப்பாடு ஆட்டோ"
,"Exposure Auto Priority": "வெளிப்பாடு ஆட்டோ முன்னுரிமை"
,"Exposure Time Absolute": "வெளிப்பாடு நேரம் முழுமையானது"
,"Focus Absolute": "முழுமையான கவனம் செலுத்துங்கள்"
,"Focus Auto": "ஆட்டோ கவனம்"
,"Gain": "பெருக்கம்"
,"Gamma": "காமா"
,"Hue": "வண்ணச்சாயல்"
,"Led1 Mode": "LED1 பயன்முறை"
,"Led1 Frequency": "LED1 அதிர்வெண்"
,"Pan Absolute": "பான் முழுமையானது"
,"Power Line Frequency": "ஆற்றல் வரி அதிர்வெண்"
,"Saturation": "தெவிட்டல்"
,"Sharpness": "கூர்மையானது"
,"Tilt Absolute": "முழுமையான சாய்வு"
,"White Balance Temperature": "வெள்ளை சமநிலை வெப்பநிலை"
,"White Balance Temperature Auto": "வெள்ளை இருப்பு வெப்பநிலை ஆட்டோ"
,"Zoom Absolute": "சூம் முழுமையான"
}
