{"":{"language":"fi","plural-forms":"nplurals=2; plural=(n > 1);"}
,"specialaj signoj ne rajtas en pasvorto": "erikoismerkkejä ei sallita salasanassa"
,"Ĉi tiu kampo estas deviga": "Tämä kenttä vaaditaan"
,"specialaj signoj ne rajtas en la nomo de kamerao": "erikoismerkit eivät ole sallittuja kameran nimessä"
,"valoro devas esti multoblo de 8": "arvon on oltava 8:n kerrannainen"
,"specialaj signoj ne rajtas en radika voja nomo": "erikoismerkit eivät ole sallittuja juurihakemiston nimessä"
,"dosieroj ne povas esti kreitaj rekte en la radiko de via sistemo": "tiedostoja ei voi luoda suoraan järjestelmän juureen"
,"enigu validan retpoŝtadreson": "syötä voimassa oleva sähköpostiosoite"
,"enigu liston de koma apartaj validaj retpoŝtadresoj": "kirjoita pilkuilla eroteltu luettelo kelvollisista sähköpostiosoitteista"
,"specialaj signoj ne rajtas en dosiernomo": "erikoismerkit eivät ole sallittuja tiedoston nimessä"
,"enigu validan valoron": "syötä kelvollinen arvo"
,"Ĉi rekursie forigos ĉiujn dosierojn ĉeestantajn en la nuba dosierujo \"": "Tämä poistaa rekursiivisesti kaikki pilvikansiossa olevat tiedostot ”"
,"\", ne nur tiuj alŝutitaj de motionEye!": "\", ei pelkästään motionEyen lataamat!"
,"Ĉi rekursie forigos ĉiujn malnovajn amaskomunikilajn dosierojn en la dosierujo \"": "Tämä poistaa rekursiivisesti kaikki vanhat mediatiedostot kansiosta \""
,"\", ne nur tiuj kreitaj de motionEye!": "\", ei vain motionEyen luomat!"
,"Ne eblas redakti la maskon sen valida kameraa bildo!": "Maskia ei voida muokata ilman kelvollista kuvaa kameralta!"
,"Propra": "Mukautettu"
,"Propra dosierindiko": "Mukautettu palku"
,"Retan kunlokon": "Verkkojako"
,"Via retumilo ne efektivigas ĉi tiun funkcion!": "Selaimesi ei tue tätä toimintoa!"
,"Apliki": "Käytä"
,"Certigu, ke ĉiuj agordaj opcioj validas!": "Varmista, että kaikki asetukset ovat kelvollisia!"
,"Ĉi tio rekomencos la sistemon. Daŭrigi?": "Tämä käynnistää järjestelmän uudelleen. Jatketaanko?"
,"Vere fermiti sistemon?": "Haluatko varmasti sammuttaa?"
,"Malŝaltita": "Sammutettu"
,"Ĉu vere restartigi ?": "Haluatko varmasti käynnistää uudelleen?"
,"La sistemo rekomencis!": "Järjestelmä on käynnistetty uudelleen!"
,"Bonvolu apliki unue la modifitajn agordojn!": "Ole hyvä, ja ota käyttöön mukautetut asetukset ensin!"
,"Neniu fotilo por forigi!": "Ei kameraa poistettavaksi!"
,"Ĉu forigi kameraon ": "Poista kamera "
,"motionEye estas ĝisdatigita (aktuala versio: ": "motionEye on päivitetty (tämänhetkinen versio: "
,"Nova versio havebla: ": "Uusi versio saatavilla: "
,". Ĝisdatigi?": ". Päivitä?"
,"motionEye estis sukcese ĝisdatigita!": "motionEye on päivitetty onnistuneesti!"
,"Ĝisdatigo malsukcesis!": "Päivitys epäonnistui!"
,"La ĝisdatiga procezo malsukcesis!": "Päivitysprosessi epäonnistui!"
,"Rezerva dosiero": "Varmuuskopiotiedosto"
,"La rezervan dosieron, kiun vi antaŭe elŝutis.": "Varmuuskopiotiedosto, jonka latasit aiemmin."
,"Restaŭrigi Agordon": "Palauta asetukset"
,"Restaŭriganta agordon ...": "Palautetaan asetuksia ..."
,"La agordo restaŭrigis!": "Asetukset on palautettu!"
,"Malsukcesis restaŭri la agordon!": "Asetusten palauttaminen epäonnistui!"
,"Aliri la alŝutan servon malsukcesis: ": "Lähetyspalveluun pääsy epäonnistui: "
,"Aliri la alŝutan servon sukcesis!": "Latauspalveluun pääsy onnistui!"
,"Sciiga retpoŝto fiaskis:": "Sähköposti-ilmoitus epäonnistui:"
,"Certiĝu, ke ĉiuj agordaj opcioj estas validaj!": "Varmista, että kaikki asetukset ovat kelvollisia!"
,"Sciiga Telegramo fiaskis:": "Telegram ilmoitus epäonnistui:"
,"Sciiga Telegramo sukcesis!": "Telegram-ilmoitus onnistui!"
,"Aliro al retdividado fiaskis: ": "Verkkojakoon yhdistäminen epäonnistui: "
,"Aliro al retdividado sukcesis!": "Verkkojakoon yhdistäminen onnistui!"
,"Ĉu vere forigi ĉi tiun dosieron?": "Haluatko varmasti poistaa tämän tiedoston?"
,"Ĉu vere forigi ĉiujn bildojn de \"%(group)s\"?": "Haluatko varmasti poistaa kaikki kuvat \"%(ryhmästä/ryhmistä)\"?"
,"Ĉu vere forigi ĉiujn filmojn de \"%(group)s\"?": "Haluatko varmasti poistaa kaikki videot \"%(ryhmästä/ryhmistä)\"?"
,"Ĉu vere forigi ĉiujn ne grupigitajn bildojn?": "Haluatko varmasti poistaa kaikki ryhmiin kuulumattomat kuvat?"
,"Ĉu vere forigi ĉiujn ne grupigitajn filmojn?": "Haluatko varmasti poistaa kaikki ryhmiin kuulumattomat videot?"
,"aldonadi kameraon...": "lisää kamera..."
,"Uzantnomo": "Käyttäjänimi"
,"Pasvorto": "Salasana"
,"Memoru min": "Muista minut"
,"Ensaluti": "Kirjaudu sisään"
,"Nuligi": "Peruuta"
,"Vi abortis la filmeton.": "Keskeytit videon."
,"Reto eraro okazis.": "Tapahtui verkkovirhe."
,"Malkodado-eraro aŭ neprogresinta funkcio.": "Median purkuvirhe tai ei-tuettu mediaominaisuus."
,"Formato ne subtenata aŭ neatingebla/netaŭga por ludado.": "Formaattia ei tueta tai se ei ole saavutettavissa / sovellu toistettavaksi."
,"Nekonata eraro okazis.": "Tapahtui tuntematon virhe."
,"Eraro : ": "Virhe : "
,"antaŭa bildo": "edellinen kuva"
,"ludi": "toista"
,"ludi * 5 kaj enĉenigi": "toista * 5 ja ketju"
,"sekva bildo": "seuraava kuva"
,"Fermi": "Sulje"
,"Elŝuti": "Lataa"
,"Forigi": "Poista"
,"Kamerao tipo": "Kameran tyyppi"
,"Loka V4L2-kamerao": "Paikallinen V4L2-kamera"
,"Loka MMAL-kamerao": "Paikallinen MMAL-kamera"
,"Reta kamerao": "Verkkokamera"
,"Fora motionEye kamerao": "Etäkamera motionEye"
,"Simpla MJPEG-kamerao": "Yksinkertainen MJPEG-kamera"
,"la speco de kamerao, kiun vi volas aldoni": "lisättävän kameran tyyppi"
,"URL": "URL"
,"http://ekzemplo.com:8765/cams/...": "http://esimerkki.com:8765/kamerat/..."
,"la kameraa URL (ekz. http://ekzemplo.com:8080/cam/)": "kameran URL (esim. http://example.com:8080/kamera/)"
,"uzantnomo...": "käyttäjänimi ..."
,"la uzantnomo por la URL, se bezonata (ekz. administranto)": "URL-osoitteen käyttäjätunnus tarvittaessa (esim. ylläpitäjä)"
,"pasvorto...": "salasana..."
,"la pasvorto por la URL, se bezonata": "URL-osoitteen salasana tarvittaessa"
,"Kamerao": "Kamera"
,"la kameraon, kiun vi volas aldoni": "kamera, jonka haluat lisätä"
,"Fora motionEye kamerao estas kameraoj instalitaj malantaŭ alia servilo de MotionEye. Aldonante ilin ĉi tie permesos vin rigardi kaj administri ilin de malproksime.": "Etä-motionEye-kamera, joka on asennettu toisen MotionEye-palvelimen taakse. Niiden lisääminen antaa sinun katsoa ja hallita niitä etänä."
,"Retaj kameraoj (aŭ IP-kameraoj) estas aparatoj, kiuj denaske fluas RTSP/RTMP aŭ MJPEG-filmetojn aŭ simplajn JPEG-bildojn. Konsultu la manlibron de via aparato por ekscii la ĝustan URL RTSP, RTMP, MJPEG aŭ JPEG.": "Verkkokamerat (tai IP-kamerat) ovat laitteita, jotka tukevat RTSP/RTMP- tai MJPEG-videoita tai yksinkertaisia JPEG-kuvia. Selvitä oikea RTSP, RTMP, MJPEG tai JPEG URL laitteesi käsikirjasta."
,"Lokaj MMAL-kameraoj estas aparatoj konektitaj rekte al via motionEye-sistemo. Ĉi tiuj estas kutime kart-specifaj kameraoj.": "Paikalliset MMAL-kamerat ovat laitteita, jotka on liitetty suoraan motionEye-järjestelmään. Nämä ovat yleensä piirilevykohtiasia kameroita."
,"Aldonante vian aparaton kiel simplan MJPEG-kameraon anstataŭ kiel retan kameraon plibonigos la fotografaĵon, sed neniu moviĝo-detekto, bilda kaptado aŭ registrado de filmoj estos disponebla por ĝi. La kamerao devas esti alirebla por via servilo kaj via retumilo. Ĉi tiu tipo de kamerao ne kongruas kun Internet Explorer.": "Laitteen lisääminen pelkäksi MJPEG-kameraksi verkkokameran sijaan parantaa päivitysnopeutta, mutta siihen ei ole saatavilla liikkeen tunnistusta, kuvan tallentamista tai videon tallennusta. Kameran on oltava palvelimen ja selaimesi käytettävissä. Tämä kamera ei ole yhteensopiva Internet Explorerin kanssa."
,"Lokaj V4L2-kameraoj estas kameraaj aparatoj konektitaj rekte al via motionEye-sistemo, kutime per USB.": "Paikalliset V4L2-kamerat ovat kameralaitteita, jotka on kytketty suoraan motionEye-järjestelmään, yleensä USB:n kautta."
,"Aldonadi kameraon...": "Lisää kamera..."
,"Grupo": "Ryhmä"
,"Inkluzivi foton prenitan ĉiun": "Sisällytä kuva, joka on otettu joka"
,"sekundo": "sekunti"
,"5 sekundoj": "5 sekuntia"
,"10 sekundoj": "10 sekuntia"
,"30 sekundoj": "30 sekuntia"
,"minuto": "minuuttia"
,"5 minutoj": "5 minuuttia"
,"10 minutoj": "10 minuuttia"
,"30 minutoj": "30 minuuttia"
,"horo": "tunti"
,"Elektu la intervalon de tempo inter du elektitaj bildoj.": "valitse aikaväli kahden valitun kuvan välillä."
,"Filmo framfrekvenco": "Videon kuvataajuus"
,"Elektu kiom rapide vi volas ke la akselita video estu.": "Valitse miten nopea haluat intervallivideon olevan."
,"Konsiderante la grandan nombron da bildoj, krei vian video povus daŭri iom da tempo!": "Huomioiden suuren kuvien määrän, intervallivideon luominen saattaa kestää jonkin aikaa!"
,"Krei akselita video": "Luo intervallivideo"
,"Filmo kreanta en progreso...": "Luodaan intervallivideota..."
,"Zipitaj": "Pakattu"
,"Akselita video": "Ajastettu kuvaus"
,"Forigi ĉiujn": "Poista kaikki"
,"Bildoj prenitaj de ": "Kuvat, jotka on ottanut "
,"Filmoj registritaj de ": "Videot, jotka on ottanut "
,"montru ĉi tiun fotilon plenekranan": "Näytä tämä kamera koko ruudun tilassa"
,"montri ĉiujn fotilojn": "Näytä kaikki kamerat"
,"montru nur ĉi tiun fotilon": "Näytä vain tämä kamera"
,"malfermaj bildoj retumilo": "avaa kuvaselain"
,"malferma videoj retumilo": "avaa videoselain"
,"agordi ĉi tiun kameraon": "konfiguroi tämä kamera"
,"preni instantaron": "ota kuvakaappaus"
,"Vi ankoraŭ ne agordis iun kameraon. Alklaku ĉi tie por aldoni unu ...": "Et ole konfiguroinut vielä yhtään kameraa. Paina tästä lisätäksesi..."
,"enigu pozitivan nombron": "syötä positiivinen luku"
,"enigu pozitivan entjeran nombron": "syötä positiivinen muuttuja"
,"enigu nombron": "syötä numero"
,"enigu entjeran nombron": "syötä muuttuja"
," inter ": " välissä "
," kaj ": " ja "
," pli ol ": " suurempi kuin "
," malpli ol ": " pienempi kuin "
,"enigu validan tempon en la sekva formato: HH:MM": "syötä aika muodossa: HH:MM"
,"enigu validan URL (ekz. http://ekzemplo.com:8080/cams/)": "syötä kelvollinen URL (esim. http://example.com:8080/kamerat/)"
,"fermi": "sulje"
,"Ne": "Ei"
,"Jes": "Kyllä"
,"Bone": "OK"
,"Auto Exposure": "Automaattivalotus"
,"Backlight Compensation": "Taustavalon kompensointi"
,"Brightness": "Kirkkaus"
,"Contrast": "Kontrasti"
,"Exposure Absolute": "Absoluuttinen valotus"
,"Exposure Auto": "Automaattinen valotus"
,"Exposure Auto Priority": "Valotuksen automaattinen prioriteetti"
,"Exposure Time Absolute": "Absoluuttinen valotusaika"
,"Focus Absolute": "Absoluuttinen tarkennus"
,"Focus Auto": "Automaattinen tarkennus"
,"Gain": "Vahvistus"
,"Gamma": "Gamma"
,"Hue": "Sävy"
,"Led1 Mode": "Led1 moodi"
,"Led1 Frequency": "LED1 taajuus"
,"Pan Absolute": "Absoluuttinen panorointi"
,"Power Line Frequency": "Sähköverkon taajuus"
,"Saturation": "Satuaatio"
,"Sharpness": "Terävyys"
,"Tilt Absolute": "Absoluuttinen kääntö"
,"White Balance Temperature": "Valkotasapainon lämpötila"
,"White Balance Temperature Auto": "Automaattinen valkotasapaino"
,"Zoom Absolute": "Absoluuttinen zoomaus"
}
