{"":{"language":"uk","plural-forms":"nplurals=2; plural=(n > 1);"}
,"specialaj signoj ne rajtas en pasvorto": "Спеціальні символи заборонені у паролі"
,"Ĉi tiu kampo estas deviga": "Це поле є обов'язковим"
,"specialaj signoj ne rajtas en la nomo de kamerao": "Спеціальні символи заборонені від імені камери"
,"valoro devas esti multoblo de 8": "Значення повинно бути кратним 8"
,"specialaj signoj ne rajtas en radika voja nomo": "Спеціальні символи заборонені в назві Root Road"
,"dosieroj ne povas esti kreitaj rekte en la radiko de via sistemo": "Файли не можуть бути створені безпосередньо в корені вашої системи"
,"enigu validan retpoŝtadreson": "Введіть дійсну електронну адресу"
,"enigu liston de koma apartaj validaj retpoŝtadresoj": "Введіть список окремих дійсних адрес електронної пошти"
,"specialaj signoj ne rajtas en dosiernomo": "Спеціальні персонажі заборонені в імені файлу"
,"enigu validan valoron": "Введіть дійсне значення"
,"Ĉi rekursie forigos ĉiujn dosierojn ĉeestantajn en la nuba dosierujo \"": "Це буде рекурсивно видалити всі файли, присутні у хмарній папці »"
,"\", ne nur tiuj alŝutitaj de motionEye!": "\", не лише тих, хто завантажив Motioneye!"
,"Ĉi rekursie forigos ĉiujn malnovajn amaskomunikilajn dosierojn en la dosierujo \"": "Ця рекурсія видаляє всі старі медіа -файли в каталозі \""
,"\", ne nur tiuj kreitaj de motionEye!": "\", не тільки ті, створені Motioneye!"
,"Ne eblas redakti la maskon sen valida kameraa bildo!": "Не в змозі редагувати маску без дійсного зображення камери!"
,"Propra": "Власний"
,"Propra dosierindiko": "Власна індикація файлів"
,"Retan kunlokon": "Онлайн -розташування"
,"Via retumilo ne efektivigas ĉi tiun funkcion!": "Ваш браузер не виконує цю функцію!"
,"Apliki": "застосувати"
,"Certigu, ke ĉiuj agordaj opcioj validas!": "Переконайтесь, що всі параметри конфігурації дійсні!"
,"Ĉi tio rekomencos la sistemon. Daŭrigi?": "Це відновить систему. Продовжувати?"
,"Vere fermiti sistemon?": "Справді закрили систему?"
,"Malŝaltita": "Вимкнений"
,"Ĉu vere restartigi ?": "Дійсно перезапустити?"
,"La sistemo rekomencis!": "Система відновилася!"
,"Bonvolu apliki unue la modifitajn agordojn!": "Будь ласка, спочатку застосуйте модифіковані налаштування!"
,"Neniu fotilo por forigi!": "Ніякої камери для видалення!"
,"Ĉu forigi kameraon ": "Чи зняти камеру "
,"motionEye estas ĝisdatigita (aktuala versio: ": "Motioneye оновлюється (Поточна версія: "
,"Nova versio havebla: ": "Доступна нова версія: "
,". Ĝisdatigi?": ". Оновлення?"
,"motionEye estis sukcese ĝisdatigita!": "Motioneye успішно оновлюється!"
,"Ĝisdatigo malsukcesis!": "Оновлення не вдалося!"
,"La ĝisdatiga procezo malsukcesis!": "Процес оновлення не вдалося!"
,"Rezerva dosiero": "Файл резервного копіювання"
,"La rezervan dosieron, kiun vi antaŭe elŝutis.": "Файл резервного копіювання, який ви раніше завантажували."
,"Restaŭrigi Agordon": "Відновити конфігурацію"
,"Restaŭriganta agordon ...": "Налаштування відновлення ..."
,"La agordo restaŭrigis!": "Конфігурація була відновлена!"
,"Malsukcesis restaŭri la agordon!": "Не вдалося відновити конфігурацію!"
,"Aliri la alŝutan servon malsukcesis: ": "Для доступу до служби завантаження не вдалося: "
,"Aliri la alŝutan servon sukcesis!": "Доступ до послуги завантаження був успішним!"
,"Sciiga retpoŝto fiaskis:": "Не вдалося повідомити електронну пошту:"
,"Certiĝu, ke ĉiuj agordaj opcioj estas validaj!": "Переконайтесь, що всі параметри конфігурації дійсні!"
,"Sciiga Telegramo fiaskis:": "Новини Telegram не вдалося:"
,"Sciiga Telegramo sukcesis!": "Новини Телеграма була успішною!"
,"Aliro al retdividado fiaskis: ": "Доступ до веб -підрозділу не вдався: "
,"Aliro al retdividado sukcesis!": "Доступ до веб -підрозділу був успішним!"
,"Ĉu vere forigi ĉi tiun dosieron?": "Дійсно видалити цей файл?"
,"Ĉu vere forigi ĉiujn bildojn de \"%(group)s\"?": "Дійсно видалить усі зображення з \"%(групи) S\"?"
,"Ĉu vere forigi ĉiujn filmojn de \"%(group)s\"?": "Дійсно видалити всі фільми з \"%(групи) S\"?"
,"Ĉu vere forigi ĉiujn ne grupigitajn bildojn?": "Дійсно видалити всі не згруповані зображення?"
,"Ĉu vere forigi ĉiujn ne grupigitajn filmojn?": "Дійсно видалити всі не згруповані фільми?"
,"aldonadi kameraon...": "Додайте камеру ..."
,"Uzantnomo": "Ім'я користувача"
,"Pasvorto": "Пароль"
,"Memoru min": "Пам'ятай мене"
,"Ensaluti": "Увійти"
,"Nuligi": "Скасувати"
,"Vi abortis la filmeton.": "Ви перервали відео."
,"Reto eraro okazis.": "Сталася помилка мережі."
,"Malkodado-eraro aŭ neprogresinta funkcio.": "Помилка декодування або непрогресивна функція."
,"Formato ne subtenata aŭ neatingebla/netaŭga por ludado.": "Формат, не підтримується або недоступний/невідповідний для гри."
,"Nekonata eraro okazis.": "Сталася невідома помилка."
,"Eraro : ": "Помилка: "
,"antaŭa bildo": "Попереднє зображення"
,"ludi": "грати"
,"ludi * 5 kaj enĉenigi": "грати * 5 і потрапити"
,"sekva bildo": "Наступна картина"
,"Fermi": "Закрити"
,"Elŝuti": "Завантажувати"
,"Forigi": "Видалити"
,"Kamerao tipo": "Тип камери"
,"Loka V4L2-kamerao": "Місцева камера V4L2"
,"Loka MMAL-kamerao": "Місцева камера ммаль"
,"Reta kamerao": "Інтернет -камера"
,"Fora motionEye kamerao": "Камера далекого руху"
,"Simpla MJPEG-kamerao": "Проста камера MJPEG"
,"la speco de kamerao, kiun vi volas aldoni": "Тип камери, який ви хочете додати"
,"URL": "URL"
,"http://ekzemplo.com:8765/cams/...": "http: //ekzemplo.com: 8765/cams/..."
,"la kameraa URL (ekz. http://ekzemplo.com:8080/cam/)": "URL -адреса камери (наприклад, http://ekzemplo.com:8080/cam/)"
,"uzantnomo...": "Ім'я користувача ..."
,"la uzantnomo por la URL, se bezonata (ekz. administranto)": "Ім'я користувача для URL -адреси, якщо потрібно (наприклад, адміністратор)"
,"pasvorto...": "Пароль ..."
,"la pasvorto por la URL, se bezonata": "Пароль для URL -адреси, якщо потрібно"
,"Kamerao": "Камера"
,"la kameraon, kiun vi volas aldoni": "камера, яку ви хочете додати"
,"Fora motionEye kamerao estas kameraoj instalitaj malantaŭ alia servilo de MotionEye. Aldonante ilin ĉi tie permesos vin rigardi kaj administri ilin de malproksime.": "Камера Fora Motioney - це камери, встановлені за іншим сервером Motioneye. Додавання їх тут дозволить вам шукати та керувати ними здалеку."
,"Retaj kameraoj (aŭ IP-kameraoj) estas aparatoj, kiuj denaske fluas RTSP/RTMP aŭ MJPEG-filmetojn aŭ simplajn JPEG-bildojn. Konsultu la manlibron de via aparato por ekscii la ĝustan URL RTSP, RTMP, MJPEG aŭ JPEG.": "Веб -камери (або IP -камери) - це пристрої, які означають відео RTSP/RTMP або MJPEG або прості зображення JPEG. Зверніться до посібника свого пристрою, щоб дізнатися правильну URL -адресу RTSP, RTMP, MJPEG або JPEG."
,"Lokaj MMAL-kameraoj estas aparatoj konektitaj rekte al via motionEye-sistemo. Ĉi tiuj estas kutime kart-specifaj kameraoj.": "Місцеві камери MMAL - це пристрої, підключені безпосередньо до вашої системи Motioneye. Зазвичай це камери, що стосуються карт."
,"Aldonante vian aparaton kiel simplan MJPEG-kameraon anstataŭ kiel retan kameraon plibonigos la fotografaĵon, sed neniu moviĝo-detekto, bilda kaptado aŭ registrado de filmoj estos disponebla por ĝi. La kamerao devas esti alirebla por via servilo kaj via retumilo. Ĉi tiu tipo de kamerao ne kongruas kun Internet Explorer.": "Додавання вашого пристрою як просту камеру MJPEG замість того, як онлайн -камера покращить фотографію, але для неї не буде доступне виявлення руху, зйомки зображень чи запису фільмів. Камера повинна бути доступною для вашого сервера та вашого браузера. Цей тип камери не відповідає Internet Explorer."
,"Lokaj V4L2-kameraoj estas kameraaj aparatoj konektitaj rekte al via motionEye-sistemo, kutime per USB.": "Місцеві камери V4L2 - це пристрої камери, підключені безпосередньо до вашої системи Motioneye, як правило, через USB."
,"Aldonadi kameraon...": "Додайте камеру ..."
,"Grupo": "Група"
,"Inkluzivi foton prenitan ĉiun": "Включіть фотографію, зроблене кожним"
,"sekundo": "секунда"
,"5 sekundoj": "5 секунд"
,"10 sekundoj": "10 секунд"
,"30 sekundoj": "30 секунд"
,"minuto": "хвилина"
,"5 minutoj": "5 хвилин"
,"10 minutoj": "10 хвилин"
,"30 minutoj": "30 хвилин"
,"horo": "година"
,"Elektu la intervalon de tempo inter du elektitaj bildoj.": "Виберіть діапазон часу між двома вибраними зображеннями."
,"Filmo framfrekvenco": "Швидкість кадру фільму"
,"Elektu kiom rapide vi volas ke la akselita video estu.": "Виберіть, наскільки швидко ви хочете, щоб озброєне відео було."
,"Konsiderante la grandan nombron da bildoj, krei vian video povus daŭri iom da tempo!": "Враховуючи велику кількість фотографій, створення вашого відео може зайняти деякий час!"
,"Krei akselita video": "Створіть озброєне відео"
,"Filmo kreanta en progreso...": "Фільми, що створює в процесі ..."
,"Zipitaj": "Застеблений"
,"Akselita video": "Закріплене відео"
,"Forigi ĉiujn": "Видалити все"
,"Bildoj prenitaj de ": "Зображення, зроблені "
,"Filmoj registritaj de ": "Фільми, записані "
,"montru ĉi tiun fotilon plenekranan": "Покажіть цю камеру на повний екран"
,"montri ĉiujn fotilojn": "Показати всі камери"
,"montru nur ĉi tiun fotilon": "Покажіть лише цю камеру"
,"malfermaj bildoj retumilo": "Відкриті картинки браузер"
,"malferma videoj retumilo": "Відкрийте веб -переглядач"
,"agordi ĉi tiun kameraon": "Встановіть цю камеру"
,"preni instantaron": "прийняти миттєво"
,"Vi ankoraŭ ne agordis iun kameraon. Alklaku ĉi tie por aldoni unu ...": "Ви ще не встановили жодної камери. Клацніть тут, щоб додати один ..."
,"enigu pozitivan nombron": "Введіть додатковий номер"
,"enigu pozitivan entjeran nombron": "Введіть позитивне ціле число"
,"enigu nombron": "Введіть номер"
,"enigu entjeran nombron": "Введіть цілий номер"
," inter ": " між "
," kaj ": " і "
," pli ol ": " більше ніж "
," malpli ol ": " менше ніж "
,"enigu validan tempon en la sekva formato: HH:MM": "Введіть дійсний час у такому форматі: HH: MM"
,"enigu validan URL (ekz. http://ekzemplo.com:8080/cams/)": "Введіть дійсну URL -адресу (наприклад, http://ekzemplo.com:8080/cams/)"
,"fermi": "закрити"
,"Ne": "Ні"
,"Jes": "Так"
,"Bone": "В порядку"
,"Auto Exposure": "Автоматичне опромінення"
,"Backlight Compensation": "Компенсація підсвічування"
,"Brightness": "Яскравість"
,"Contrast": "Протиставляти"
,"Exposure Absolute": "Експозиція абсолютно"
,"Exposure Auto": "Експозиція автоматично"
,"Exposure Auto Priority": "Експозиція Авто -пріоритет"
,"Exposure Time Absolute": "Час експозиції абсолютно"
,"Focus Absolute": "Зосередитись абсолютно"
,"Focus Auto": "Фокус автоматично"
,"Gain": "Виграш"
,"Gamma": "Гамма"
,"Hue": "Відтінок"
,"Led1 Mode": "Режим LED1"
,"Led1 Frequency": "Частота LED1"
,"Pan Absolute": "Пан абсолютно"
,"Power Line Frequency": "Частота лінії електропередач"
,"Saturation": "Насичення"
,"Sharpness": "Різкість"
,"Tilt Absolute": "Нахил абсолютно"
,"White Balance Temperature": "Температура балансу білого"
,"White Balance Temperature Auto": "Температура балансу білого автоматично"
,"Zoom Absolute": "Збільшити абсолютно"
}
