{"":{"language":"cs","plural-forms":"nplurals=2; plural=(n > 1);"}
,"specialaj signoj ne rajtas en pasvorto": "V heslech nejsou povoleny speciální znaky"
,"Ĉi tiu kampo estas deviga": "Toto pole je povinné"
,"specialaj signoj ne rajtas en la nomo de kamerao": "Speciální znaky nejsou povoleny ve jménu kamery"
,"valoro devas esti multoblo de 8": "Hodnota musí být násobek 8"
,"specialaj signoj ne rajtas en radika voja nomo": "Speciální znaky nejsou povoleny v názvu kořenové silnice"
,"dosieroj ne povas esti kreitaj rekte en la radiko de via sistemo": "Soubory nelze vytvořit přímo v kořeni vašeho systému"
,"enigu validan retpoŝtadreson": "Zadejte platnou e-mailovou adresu"
,"enigu liston de koma apartaj validaj retpoŝtadresoj": "Zadejte seznam samostatných platných e -mailových adres Koma"
,"specialaj signoj ne rajtas en dosiernomo": "V názvu souboru nejsou povoleny speciální znaky"
,"enigu validan valoron": "Zadejte platnou hodnotu"
,"Ĉi rekursie forigos ĉiujn dosierojn ĉeestantajn en la nuba dosierujo \"": "Tím se rekurzivně odstraní všechny soubory přítomné ve složce cloudu “"
,"\", ne nur tiuj alŝutitaj de motionEye!": "„, nejen ti, kteří nahráli MotionEye!"
,"Ĉi rekursie forigos ĉiujn malnovajn amaskomunikilajn dosierojn en la dosierujo \"": "Tato rekurze odstraní všechny staré mediální soubory v adresáři “"
,"\", ne nur tiuj kreitaj de motionEye!": "„Nejen ti, kteří vytvořili Motionleye!"
,"Ne eblas redakti la maskon sen valida kameraa bildo!": "Nelze upravit masku bez platného obrázku kamery!"
,"Propra": "Vlastní"
,"Propra dosierindiko": "Vlastní indikace souboru"
,"Retan kunlokon": "Online co -location"
,"Via retumilo ne efektivigas ĉi tiun funkcion!": "Váš prohlížeč tuto funkci neprovádí!"
,"Apliki": "Použít"
,"Certigu, ke ĉiuj agordaj opcioj validas!": "Ujistěte se, že všechny možnosti konfigurace jsou platné!"
,"Ĉi tio rekomencos la sistemon. Daŭrigi?": "Tím se obnoví systém. Pokračovat?"
,"Vere fermiti sistemon?": "Opravdu uzavřený systém?"
,"Malŝaltita": "Vypnutý"
,"Ĉu vere restartigi ?": "Opravdu restartujte?"
,"La sistemo rekomencis!": "Systém pokračoval!"
,"Bonvolu apliki unue la modifitajn agordojn!": "Nejprve použijte upravená nastavení!"
,"Neniu fotilo por forigi!": "Žádná kamera k odstranění!"
,"Ĉu forigi kameraon ": "Zda odstranit kameru"
,"motionEye estas ĝisdatigita (aktuala versio: ": "Motionleye je aktualizován (aktuální verze:"
,"Nova versio havebla: ": "Dostupná nová verze:"
,". Ĝisdatigi?": ". Aktualizace?"
,"motionEye estis sukcese ĝisdatigita!": "Motionleye byl úspěšně aktualizován!"
,"Ĝisdatigo malsukcesis!": "Aktualizace selhala!"
,"La ĝisdatiga procezo malsukcesis!": "Proces aktualizace selhal!"
,"Rezerva dosiero": "Záložní soubor"
,"La rezervan dosieron, kiun vi antaŭe elŝutis.": "Záložní soubor, který jste dříve stahovali."
,"Restaŭrigi Agordon": "Obnovení konfigurace"
,"Restaŭriganta agordon ...": "Nastavení obnovy ..."
,"La agordo restaŭrigis!": "Konfigurace byla obnovena!"
,"Malsukcesis restaŭri la agordon!": "Nepodařilo se obnovit konfiguraci!"
,"Aliri la alŝutan servon malsukcesis: ": "Pro přístup k nahrávání selhalo:"
,"Aliri la alŝutan servon sukcesis!": "Přístup k upload služby byl úspěšný!"
,"Sciiga retpoŝto fiaskis:": "E -mail s oznámením selhal:"
,"Certiĝu, ke ĉiuj agordaj opcioj estas validaj!": "Ujistěte se, že všechny možnosti konfigurace jsou platné!"
,"Sciiga Telegramo fiaskis:": "Novinky Telegram selhaly:"
,"Sciiga Telegramo sukcesis!": "Novinky Telegram byl úspěšný!"
,"Aliro al retdividado fiaskis: ": "Přístup k webové divizi selhal:"
,"Aliro al retdividado sukcesis!": "Přístup k webové divizi byl úspěšný!"
,"Ĉu vere forigi ĉi tiun dosieron?": "Opravdu smažte tento soubor?"
,"Ĉu vere forigi ĉiujn bildojn de \"%(group)s\"?": "Opravdu odstraňte všechny obrázky z „%(skupiny) S“?"
,"Ĉu vere forigi ĉiujn filmojn de \"%(group)s\"?": "Opravdu odstraníte všechny filmy z „%(skupiny) s“?"
,"Ĉu vere forigi ĉiujn ne grupigitajn bildojn?": "Opravdu odstraňte všechny ne seskupené obrázky?"
,"Ĉu vere forigi ĉiujn ne grupigitajn filmojn?": "Opravdu odstraňte všechny nesklubované filmy?"
,"aldonadi kameraon...": "Přidejte kameru ..."
,"Uzantnomo": "Uživatelské jméno"
,"Pasvorto": "Heslo"
,"Memoru min": "Zapamatuj si mě"
,"Ensaluti": "Přihlásit se"
,"Nuligi": "zrušení"
,"Vi abortis la filmeton.": "Video jste přerušili."
,"Reto eraro okazis.": "Došlo k chybě sítě."
,"Malkodado-eraro aŭ neprogresinta funkcio.": "Chyba dekódování nebo neprogresivní funkce."
,"Formato ne subtenata aŭ neatingebla/netaŭga por ludado.": "Formát není podporován nebo nedostupný/nevhodný pro hru."
,"Nekonata eraro okazis.": "Nastala neznámá chyba."
,"Eraro : ": "Chyba:"
,"antaŭa bildo": "předchozí obrázek"
,"ludi": "hrát"
,"ludi * 5 kaj enĉenigi": "hrát * 5 a dostat se dovnitř"
,"sekva bildo": "Další obrázek"
,"Fermi": "Zavřít"
,"Elŝuti": "Stažení"
,"Forigi": "Odebrat"
,"Kamerao tipo": "Typ kamery"
,"Loka V4L2-kamerao": "Lokální kamera V4L2"
,"Loka MMAL-kamerao": "Lokální kamera MMAL"
,"Reta kamerao": "Online fotoaparát"
,"Fora motionEye kamerao": "Far Motionleye Camera"
,"Simpla MJPEG-kamerao": "Jednoduchá kamera MJPEG"
,"la speco de kamerao, kiun vi volas aldoni": "Typ fotoaparátu, který chcete přidat"
,"URL": "URL"
,"http://ekzemplo.com:8765/cams/...": "http: //ekzeMplo.com: 8765/cams/..."
,"la kameraa URL (ekz. http://ekzemplo.com:8080/cam/)": "URL kamery (např. http://ekzemplo.com:8080/cam/)"
,"uzantnomo...": "Uživatelské jméno ..."
,"la uzantnomo por la URL, se bezonata (ekz. administranto)": "Uživatelské jméno pro URL, je -li to požadováno (např. Správce)"
,"pasvorto...": "Heslo ..."
,"la pasvorto por la URL, se bezonata": "heslo pro URL, pokud je to požadováno"
,"Kamerao": "Fotoaparát"
,"la kameraon, kiun vi volas aldoni": "fotoaparát, který chcete přidat"
,"Fora motionEye kamerao estas kameraoj instalitaj malantaŭ alia servilo de MotionEye. Aldonante ilin ĉi tie permesos vin rigardi kaj administri ilin de malproksime.": "Fora MotionEye Camera jsou kamery nainstalované za jiným serverem Motionleye. Přidání zde vám umožní hledat a spravovat je z dálky."
,"Retaj kameraoj (aŭ IP-kameraoj) estas aparatoj, kiuj denaske fluas RTSP/RTMP aŭ MJPEG-filmetojn aŭ simplajn JPEG-bildojn. Konsultu la manlibron de via aparato por ekscii la ĝustan URL RTSP, RTMP, MJPEG aŭ JPEG.": "Webové kamery (nebo IP kamery) jsou zařízení, která nativně proudí videa RTSP/RTMP nebo MJPEG nebo jednoduché obrázky JPEG. Poraďte se s příručkou vašeho zařízení a zjistěte správnou adresu URL RTSP, RTMP, MJPEG nebo JPEG."
,"Lokaj MMAL-kameraoj estas aparatoj konektitaj rekte al via motionEye-sistemo. Ĉi tiuj estas kutime kart-specifaj kameraoj.": "Místní kamery MMAL jsou zařízení připojená přímo k vašemu systému MotionEye. Jedná se obvykle o kamery specifické pro karty."
,"Aldonante vian aparaton kiel simplan MJPEG-kameraon anstataŭ kiel retan kameraon plibonigos la fotografaĵon, sed neniu moviĝo-detekto, bilda kaptado aŭ registrado de filmoj estos disponebla por ĝi. La kamerao devas esti alirebla por via servilo kaj via retumilo. Ĉi tiu tipo de kamerao ne kongruas kun Internet Explorer.": "Přidání zařízení jako jednoduché kamery MJPEG místo toho, jak online fotoaparát zlepší fotografii, ale pro ni nebude k dispozici žádná detekce pohybu, snímání obrázků nebo nahrávání filmů. Fotoaparát musí být přístupný vašemu serveru a prohlížeči. Tento typ fotoaparátu neodpovídá internetovým průzkumníka."
,"Lokaj V4L2-kameraoj estas kameraaj aparatoj konektitaj rekte al via motionEye-sistemo, kutime per USB.": "Místní kamery V4L2 jsou kamera, která jsou připojena přímo k vašemu systému Motionleye, obvykle prostřednictvím USB."
,"Aldonadi kameraon...": "Přidejte kameru ..."
,"Grupo": "Skupina"
,"Inkluzivi foton prenitan ĉiun": "Zahrnout fotografii pořízenou každý"
,"sekundo": "vteřina"
,"5 sekundoj": "5 sekund"
,"10 sekundoj": "10 sekund"
,"30 sekundoj": "30 sekund"
,"minuto": "minuta"
,"5 minutoj": "5 minut"
,"10 minutoj": "10 minut"
,"30 minutoj": "30 minut"
,"horo": "hodina"
,"Elektu la intervalon de tempo inter du elektitaj bildoj.": "Vyberte rozsah času mezi dvěma vybranými obrázky."
,"Filmo framfrekvenco": "FILMOVÁ SRUMENÁ FAMENÁ"
,"Elektu kiom rapide vi volas ke la akselita video estu.": "Vyberte si, jak rychle chcete ozbrojené video."
,"Konsiderante la grandan nombron da bildoj, krei vian video povus daŭri iom da tempo!": "Vzhledem k velkému počtu obrázků může vytvoření videa nějakou dobu trvat!"
,"Krei akselita video": "Vytvořte ozbrojené video"
,"Filmo kreanta en progreso...": "Probíhá vytváření filmu ..."
,"Zipitaj": "Zip"
,"Akselita video": "Obchodní video"
,"Forigi ĉiujn": "Odebrat všechny"
,"Bildoj prenitaj de ": "Obrázky pořízené"
,"Filmoj registritaj de ": "Filmy zaznamenané"
,"montru ĉi tiun fotilon plenekranan": "Zobrazit tento fotoaparát plnou obrazovku"
,"montri ĉiujn fotilojn": "Ukažte všechny kamery"
,"montru nur ĉi tiun fotilon": "Zobrazit pouze tento fotoaparát"
,"malfermaj bildoj retumilo": "Otevřený prohlížeč obrázků"
,"malferma videoj retumilo": "Otevřený prohlížeč videí"
,"agordi ĉi tiun kameraon": "Nastavte tuto kameru"
,"preni instantaron": "Udělejte si okamžik"
,"Vi ankoraŭ ne agordis iun kameraon. Alklaku ĉi tie por aldoni unu ...": "Ještě jste nenastavili žádnou kameru. Kliknutím sem přidáte jednu ..."
,"enigu pozitivan nombron": "Zadejte kladné číslo"
,"enigu pozitivan entjeran nombron": "Zadejte pozitivní celé číslo"
,"enigu nombron": "Zadejte číslo"
,"enigu entjeran nombron": "Zadejte celé číslo"
," inter ": "mezi"
," kaj ": "a"
," pli ol ": "více než"
," malpli ol ": "méně než"
,"enigu validan tempon en la sekva formato: HH:MM": "Zadejte platný čas v následujícím formátu: HH: MM"
,"enigu validan URL (ekz. http://ekzemplo.com:8080/cams/)": "Zadejte platnou adresu URL (např. Http://ekzemplo.com:8080/cams/)"
,"fermi": "zavřít"
,"Ne": "Ne"
,"Jes": "Ano"
,"Bone": "OK"
,"Auto Exposure": "Automatická expozice"
,"Backlight Compensation": "Kompenzace podsvícení"
,"Brightness": "Jas"
,"Contrast": "Kontrast"
,"Exposure Absolute": "Expozice absolutně"
,"Exposure Auto": "Expozice auto"
,"Exposure Auto Priority": "Automatická priorita expozice"
,"Exposure Time Absolute": "Doba expozice absolutně"
,"Focus Absolute": "Zaměřte se na absolutně"
,"Focus Auto": "Zaostřit auto"
,"Gain": "Získat"
,"Gamma": "Gama"
,"Hue": "Odstín"
,"Led1 Mode": "Režim LED1"
,"Led1 Frequency": "Frekvence LED1"
,"Pan Absolute": "Pan absolutně"
,"Power Line Frequency": "Frekvence elektrického vedení"
,"Saturation": "Nasycení"
,"Sharpness": "Ostrost"
,"Tilt Absolute": "Naklonit absolutně"
,"White Balance Temperature": "Teplota vyvážení bílé"
,"White Balance Temperature Auto": "Teplota vyvážení bílé automatické automobily"
,"Zoom Absolute": "Zoom absolutně"
}
