{"":{"language":"pa","plural-forms":"nplurals=2; plural=(n > 1);"}
,"specialaj signoj ne rajtas en pasvorto": "ਪਾਸਵਰਡ ਵਿੱਚ ਵਿਸ਼ੇਸ਼ ਅੱਖਰਾਂ ਦੀ ਆਗਿਆ ਨਹੀਂ ਹੈ"
,"Ĉi tiu kampo estas deviga": "ਇਹ ਖੇਤਰ ਲੋੜੀਂਦਾ ਹੈ"
,"specialaj signoj ne rajtas en la nomo de kamerao": "ਕੈਮਰੇ ਦੇ ਨਾਮ ਵਿੱਚ ਵਿਸ਼ੇਸ਼ ਅੱਖਰਾਂ ਦੀ ਆਗਿਆ ਨਹੀਂ ਹੈ"
,"valoro devas esti multoblo de 8": "ਮੁੱਲ 8 ਦਾ ਗੁਣਕ ਹੋਣਾ ਚਾਹੀਦਾ ਹੈ"
,"specialaj signoj ne rajtas en radika voja nomo": "ਰੂਟ ਮਾਰਗ ਨਾਮ ਵਿੱਚ ਵਿਸ਼ੇਸ਼ ਅੱਖਰਾਂ ਦੀ ਆਗਿਆ ਨਹੀਂ ਹੈ"
,"dosieroj ne povas esti kreitaj rekte en la radiko de via sistemo": "ਫਾਈਲਾਂ ਸਿੱਧੇ ਤੁਹਾਡੇ ਸਿਸਟਮ ਦੇ ਰੂਟ ਵਿੱਚ ਨਹੀਂ ਬਣੀਆਂ"
,"enigu validan retpoŝtadreson": "ਇੱਕ ਵੈਧ ਈਮੇਲ ਪਤਾ ਦਰਜ ਕਰੋ"
,"enigu liston de koma apartaj validaj retpoŝtadresoj": "ਕਾਮੇ ਨਾਲ ਵੱਖ ਕੀਤੇ ਵੈਧ ਈਮੇਲ ਪਤਿਆਂ ਦੀ ਸੂਚੀ ਦਰਜ ਕਰੋ"
,"specialaj signoj ne rajtas en dosiernomo": "ਫਾਇਲ ਅੱਖਰ ਵਿੱਚ ਵਿਸ਼ੇਸ਼ ਅੱਖਰਾਂ ਦੀ ਆਗਿਆ ਨਹੀਂ ਹੈ"
,"enigu validan valoron": "ਇੱਕ ਯੋਗ ਮੁੱਲ ਦਾਖਲ ਕਰੋ"
,"Ĉi rekursie forigos ĉiujn dosierojn ĉeestantajn en la nuba dosierujo \"": "ਇਹ ਲਗਾਤਾਰ ਕਲਾਉਡ ਫੋਲਡਰ ਦੀਆਂ ਸਾਰੀਆਂ ਫਾਈਲਾਂ ਨੂੰ ਮਿਟਾ ਦੇਵੇਗਾ \""
,"\", ne nur tiuj alŝutitaj de motionEye!": "\", ਮੋਸ਼ਨ ਈ ਦੁਆਰਾ ਅਪਲੋਡ ਕੀਤੇ ਸਿਰਫ ਉਨ੍ਹਾਂ ਨੂੰ ਹੀ ਨਹੀਂ!"
,"Ĉi rekursie forigos ĉiujn malnovajn amaskomunikilajn dosierojn en la dosierujo \"": "ਇਹ ਲਗਾਤਾਰ ਫੋਲਡਰ ਵਿਚਲੀਆਂ ਪੁਰਾਣੀਆਂ ਮੀਡੀਆ ਫਾਈਲਾਂ ਨੂੰ ਮਿਟਾ ਦੇਵੇਗਾ \""
,"\", ne nur tiuj kreitaj de motionEye!": "\", ਸਿਰਫ ਮੋਸ਼ਨ ਈ ਦੁਆਰਾ ਬਣਾਏ ਉਨ੍ਹਾਂ ਨੂੰ ਨਹੀਂ!"
,"Ne eblas redakti la maskon sen valida kameraa bildo!": "ਇੱਕ ਯੋਗ ਕੈਮਰਾ ਚਿੱਤਰ ਤੋਂ ਬਿਨਾਂ ਮਾਸਕ ਨੂੰ ਸੋਧ ਨਹੀਂ ਸਕਦਾ!"
,"Propra": "ਆਪਣੇ"
,"Propra dosierindiko": "ਕਸਟਮ ਫਾਈਲ ਨਾਮ"
,"Retan kunlokon": "Communicationਨਲਾਈਨ ਸੰਚਾਰ"
,"Via retumilo ne efektivigas ĉi tiun funkcion!": "ਤੁਹਾਡਾ ਬ੍ਰਾ .ਜ਼ਰ ਇਸ ਵਿਸ਼ੇਸ਼ਤਾ ਨੂੰ ਪੂਰਾ ਨਹੀਂ ਕਰਦਾ!"
,"Apliki": "ਲਾਗੂ ਕਰੋ"
,"Certigu, ke ĉiuj agordaj opcioj validas!": "ਇਹ ਸੁਨਿਸ਼ਚਿਤ ਕਰੋ ਕਿ ਸਾਰੀਆਂ ਕੌਂਫਿਗਰੇਸ਼ਨ ਵਿਕਲਪ ਯੋਗ ਹਨ!"
,"Ĉi tio rekomencos la sistemon. Daŭrigi?": "ਇਹ ਸਿਸਟਮ ਨੂੰ ਮੁੜ ਚਾਲੂ ਕਰੇਗਾ. ਜਾਰੀ ਰੱਖਣਾ ਹੈ?"
,"Vere fermiti sistemon?": "ਕੀ ਸਿਸਟਮ ਬੰਦ ਹੋ ਰਿਹਾ ਹੈ?"
,"Malŝaltita": "ਬੰਦ"
,"Ĉu vere restartigi ?": "ਅਸਲ ਵਿੱਚ ਮੁੜ ਚਾਲੂ ਹੋ?"
,"La sistemo rekomencis!": "ਸਿਸਟਮ ਦੁਬਾਰਾ ਚਾਲੂ ਹੋਇਆ!"
,"Bonvolu apliki unue la modifitajn agordojn!": "ਕਿਰਪਾ ਕਰਕੇ ਪਹਿਲਾਂ ਸੋਧੀ ਹੋਈ ਸੈਟਿੰਗ ਲਾਗੂ ਕਰੋ!"
,"Neniu fotilo por forigi!": "ਹਟਾਉਣ ਲਈ ਕੋਈ ਕੈਮਰਾ ਨਹੀਂ!"
,"Ĉu forigi kameraon ": "ਕੈਮਰਾ ਹਟਾ ਸਕਦਾ ਹੈ"
,"motionEye estas ĝisdatigita (aktuala versio: ": "ਮੋਸ਼ਨ ਈ ਅਪਡੇਟ ਹੋਇਆ ਹੈ (ਮੌਜੂਦਾ ਸੰਸਕਰਣ:"
,"Nova versio havebla: ": "ਨਵਾਂ ਸੰਸਕਰਣ ਉਪਲਬਧ:"
,". Ĝisdatigi?": ". ਅਪਡੇਟ?"
,"motionEye estis sukcese ĝisdatigita!": "ਮੋਸ਼ਨ ਈ ਨੂੰ ਸਫਲਤਾਪੂਰਵਕ ਅਪਡੇਟ ਕੀਤਾ ਗਿਆ ਹੈ!"
,"Ĝisdatigo malsukcesis!": "ਅਪਡੇਟ ਫੇਲ੍ਹ ਹੋਇਆ!"
,"La ĝisdatiga procezo malsukcesis!": "ਅਪਗ੍ਰੇਡ ਪ੍ਰਕਿਰਿਆ ਅਸਫਲ!"
,"Rezerva dosiero": "ਬੈਕਅਪ ਫਾਈਲ"
,"La rezervan dosieron, kiun vi antaŭe elŝutis.": "ਬੈਕਅਪ ਫਾਈਲ ਜੋ ਤੁਸੀਂ ਪਹਿਲਾਂ ਡਾedਨਲੋਡ ਕੀਤੀ ਹੈ."
,"Restaŭrigi Agordon": "ਮੁੜ - ਪ੍ਰਾਪਤ ਕਰੋ"
,"Restaŭriganta agordon ...": "ਕੌਂਫਿਗਰੇਸ਼ਨ ਰੀਸਟੋਰ ਕਰ ਰਿਹਾ ਹੈ ..."
,"La agordo restaŭrigis!": "ਕੌਨਫਿਗਰੇਸ਼ਨ ਨੂੰ ਬਹਾਲ ਕਰ ਦਿੱਤਾ ਗਿਆ ਹੈ!"
,"Malsukcesis restaŭri la agordon!": "ਕੌਂਫਿਗਰੇਸ਼ਨ ਨੂੰ ਰੀਸਟੋਰ ਕਰਨ ਵਿੱਚ ਅਸਫਲ!"
,"Aliri la alŝutan servon malsukcesis: ": "ਅਪਲੋਡ ਸੇਵਾ ਤੱਕ ਪਹੁੰਚ ਅਸਫਲ:"
,"Aliri la alŝutan servon sukcesis!": "ਅਪਲੋਡ ਸੇਵਾ ਤੱਕ ਪਹੁੰਚ ਸਫਲ ਰਹੀ!"
,"Sciiga retpoŝto fiaskis:": "ਨਿ News ਜ਼ ਈਮੇਲ ਅਸਫਲ:"
,"Certiĝu, ke ĉiuj agordaj opcioj estas validaj!": "ਇਹ ਸੁਨਿਸ਼ਚਿਤ ਕਰੋ ਕਿ ਸਾਰੀਆਂ ਕੌਂਫਿਗਰੇਸ਼ਨ ਯੋਗ ਹਨ!"
,"Sciiga Telegramo fiaskis:": "ਨੋਟੀਫਿਕੇਸ਼ਨ ਤਾਰ ਅਸਫਲ:"
,"Sciiga Telegramo sukcesis!": "ਨੋਟੀਫਿਕੇਸ਼ਨ ਤਾਰਾਂ ਸਫਲ ਰਿਹਾ!"
,"Aliro al retdividado fiaskis: ": "ਨੈੱਟਵਰਕ ਟ੍ਰਾਂਸਮੇਟਿੰਗ ਤੱਕ ਪਹੁੰਚ ਅਸਫਲ:"
,"Aliro al retdividado sukcesis!": "ਪ੍ਰਤਿਭਾ ਤੱਕ ਪਹੁੰਚ ਸਫਲ ਰਹੀ ਹੈ!"
,"Ĉu vere forigi ĉi tiun dosieron?": "ਸੱਚਮੁੱਚ ਇਸ ਫਾਈਲ ਨੂੰ ਮਿਟਾਉਣਾ ਹੈ?"
,"Ĉu vere forigi ĉiujn bildojn de \"%(group)s\"?": "ਕੀ ਸੱਚਮੁੱਚ \"%(group)s% (ਸਮੂਹ) s\" ਤੋਂ ਸਾਰੇ ਚਿੱਤਰ ਮਿਟਾਉਣੇ ਹਨ?"
,"Ĉu vere forigi ĉiujn filmojn de \"%(group)s\"?": "ਕੀ ਸੱਚਮੁੱਚ ਸਾਰੀਆਂ ਫਿਲਮਾਂ ਨੂੰ \"%(group)s% (ਸਮੂਹ) s\" ਤੋਂ ਹਟਾਉਣਾ ਹੈ?"
,"Ĉu vere forigi ĉiujn ne grupigitajn bildojn?": "ਕੀ ਸੱਚਮੁੱਚ ਸਾਰੇ ਸਮੂਹ ਰਹਿਤ ਚਿੱਤਰਾਂ ਨੂੰ ਮਿਟਾਉਣਾ ਹੈ?"
,"Ĉu vere forigi ĉiujn ne grupigitajn filmojn?": "ਕੀ ਸੱਚਮੁੱਚ ਸਾਰੀਆਂ ਗੈਰ-ਸਮੂਹਿਤ ਫਿਲਮਾਂ ਨੂੰ ਮਿਟਾਉਣਾ ਹੈ?"
,"aldonadi kameraon...": "ਕੈਮਰਾ ਸ਼ਾਮਲ ਕਰੋ ..."
,"Uzantnomo": "ਉਪਯੋਗਕਰਤਾ ਨਾਮ"
,"Pasvorto": "ਪਾਸਵਰਡ"
,"Memoru min": "ਮੈਨੂੰ ਯਾਦ ਕਰੋ"
,"Ensaluti": "ਲਾਗ ਇਨ"
,"Nuligi": "ਰੱਦ ਕਰੋ"
,"Vi abortis la filmeton.": "ਤੁਸੀਂ ਵੀਡੀਓ ਨੂੰ ਅਧੂਰਾ ਛੱਡ ਦਿੱਤਾ ਹੈ."
,"Reto eraro okazis.": "ਨੈੱਟਵਰਕ ਗਲਤੀ ਆਈ ਹੈ."
,"Malkodado-eraro aŭ neprogresinta funkcio.": "ਡੀਕੋਡਿੰਗ ਗਲਤੀ ਜਾਂ ਨਾਨ-ਪ੍ਰੋਜੈਕਟਿਡ ਫੰਕਸ਼ਨ."
,"Formato ne subtenata aŭ neatingebla/netaŭga por ludado.": "ਫਾਰਮੈਟ ਸਮਰਥਿਤ ਨਹੀਂ ਹੈ ਜਾਂ ਪਲੇਬੈਕ ਲਈ ਅਸਮਰੱਥ / ਅਣਉਚਿਤ ਹੈ."
,"Nekonata eraro okazis.": "ਇੱਕ ਅਣਜਾਣ ਗਲਤੀ ਆਈ ਹੈ."
,"Eraro : ": "ਗਲਤੀ:"
,"antaŭa bildo": "ਪਿਛਲੀ ਤਸਵੀਰ"
,"ludi": "ਖੇਡਣ ਲਈ"
,"ludi * 5 kaj enĉenigi": "* 5 ਅਤੇ ਚੇਨ ਖੇਡੋ"
,"sekva bildo": "ਅਗਲਾ ਚਿੱਤਰ"
,"Fermi": "ਬੰਦ ਕਰੋ"
,"Elŝuti": "ਡਾ .ਨਲੋਡ"
,"Forigi": "ਹਟਾਓ"
,"Kamerao tipo": "ਕੈਮਰਾ ਕਿਸਮ"
,"Loka V4L2-kamerao": "ਸਥਾਨਕ ਵੀ 4 ਐਲ 2 ਕੈਮਰਾ"
,"Loka MMAL-kamerao": "ਸਥਾਨਕ ਐਮ ਐਮ ਐਲ ਕੈਮਰਾ"
,"Reta kamerao": "ਵੈਬਕੈਮ"
,"Fora motionEye kamerao": "ਬਾਹਰ ਮੋਸ਼ਨਈ ਕੈਮਰਾ"
,"Simpla MJPEG-kamerao": "ਸਧਾਰਨ ਐਮਜੇਪੀਈਜੀ ਕੈਮਰਾ"
,"la speco de kamerao, kiun vi volas aldoni": "ਕੈਮਰਾ ਦੀ ਕਿਸਮ ਜੋ ਤੁਸੀਂ ਸ਼ਾਮਲ ਕਰਨਾ ਚਾਹੁੰਦੇ ਹੋ"
,"URL": "ਯੂਆਰਐਲ"
,"http://ekzemplo.com:8765/cams/...": "http: //example.com: 8765 / ਕੈਮਜ਼ / ..."
,"la kameraa URL (ekz. http://ekzemplo.com:8080/cam/)": "ਕੈਮਰਾ ਯੂਆਰਐਲ (ਉਦਾਹਰਣ ਲਈ http://example.com:8080/cam/)"
,"uzantnomo...": "ਉਪਭੋਗਤਾ ਨਾਮ ..."
,"la uzantnomo por la URL, se bezonata (ekz. administranto)": "ਯੂਆਰਐਲ ਲਈ ਯੂਜ਼ਰ-ਨਾਂ, ਜੇ ਜਰੂਰੀ ਹੋਵੇ (ਜਿਵੇਂ ਐਡਮਿਨ)"
,"pasvorto...": "ਪਾਸਵਰਡ ..."
,"la pasvorto por la URL, se bezonata": "ਯੂਆਰਐਲ ਲਈ ਪਾਸਵਰਡ, ਜੇ ਜਰੂਰੀ ਹੈ"
,"Kamerao": "ਕੈਮਰਾ"
,"la kameraon, kiun vi volas aldoni": "ਕੈਮਰਾ ਜੋ ਤੁਸੀਂ ਜੋੜਨਾ ਚਾਹੁੰਦੇ ਹੋ"
,"Fora motionEye kamerao estas kameraoj instalitaj malantaŭ alia servilo de MotionEye. Aldonante ilin ĉi tie permesos vin rigardi kaj administri ilin de malproksime.": "ਇੱਕ ਰਿਮੋਟ ਮੋਸ਼ਨਈ ਕੈਮਰਾ ਇੱਕ ਕੈਮਰਾ ਹੈ ਜੋ ਇੱਕ ਹੋਰ ਮੋਸ਼ਨ ਈ ਸਰਵਰ ਦੇ ਪਿੱਛੇ ਸਥਾਪਤ ਕੀਤਾ ਗਿਆ ਹੈ. ਉਨ੍ਹਾਂ ਨੂੰ ਇੱਥੇ ਜੋੜਨ ਨਾਲ ਤੁਸੀਂ ਉਨ੍ਹਾਂ ਨੂੰ ਦੂਰੋਂ ਵੇਖਣ ਅਤੇ ਪ੍ਰਬੰਧਿਤ ਕਰ ਸਕੋਗੇ."
,"Retaj kameraoj (aŭ IP-kameraoj) estas aparatoj, kiuj denaske fluas RTSP/RTMP aŭ MJPEG-filmetojn aŭ simplajn JPEG-bildojn. Konsultu la manlibron de via aparato por ekscii la ĝustan URL RTSP, RTMP, MJPEG aŭ JPEG.": "ਨੈਟਵਰਕ ਕੈਮਰੇ (ਜਾਂ ਆਈਪੀ ਕੈਮਰੇ) ਉਹ ਉਪਕਰਣ ਹਨ ਜੋ ਆਰਟੀਐਸਪੀ / ਆਰਟੀਐਮਪੀ ਜਾਂ ਐਮਜੇਪੀਈਜੀ ਵੀਡਿਓਜ ਜਾਂ ਸਧਾਰਣ ਜੇਪੀਈਜੀ ਚਿੱਤਰਾਂ ਦਾ ਮੂਲ ਰੂਪ ਵਿਚ ਸਟ੍ਰੀਮ ਕਰਦੇ ਹਨ. ਸਹੀ RTSP, RTMP, MJPEG ਜਾਂ JPEG URL ਨੂੰ ਲੱਭਣ ਲਈ ਆਪਣੀ ਡਿਵਾਈਸ ਦੇ ਮੈਨੂਅਲ ਤੋਂ ਸਲਾਹ ਲਓ."
,"Lokaj MMAL-kameraoj estas aparatoj konektitaj rekte al via motionEye-sistemo. Ĉi tiuj estas kutime kart-specifaj kameraoj.": "ਸਥਾਨਕ ਐਮ ਐਮ ਐਲ ਕੈਮਰਾ ਉਹ ਉਪਕਰਣ ਹਨ ਜੋ ਸਿੱਧੇ ਤੁਹਾਡੇ ਮੋਸ਼ਨਇ ਸਿਸਟਮ ਨਾਲ ਜੁੜੇ ਹੋਏ ਹਨ. ਇਹ ਆਮ ਤੌਰ ਤੇ ਕਾਰਡ ਸੰਬੰਧੀ ਕੈਮਰੇ ਹੁੰਦੇ ਹਨ."
,"Aldonante vian aparaton kiel simplan MJPEG-kameraon anstataŭ kiel retan kameraon plibonigos la fotografaĵon, sed neniu moviĝo-detekto, bilda kaptado aŭ registrado de filmoj estos disponebla por ĝi. La kamerao devas esti alirebla por via servilo kaj via retumilo. Ĉi tiu tipo de kamerao ne kongruas kun Internet Explorer.": "ਆਪਣੀ ਡਿਵਾਈਸ ਨੂੰ ਵੈੱਬ ਕੈਮਰੇ ਦੀ ਬਜਾਏ ਇੱਕ ਸਧਾਰਣ ਐਮਜੇਪੀਈਜੀ ਕੈਮਰੇ ਵਜੋਂ ਸ਼ਾਮਲ ਕਰਨ ਨਾਲ ਫੋਟੋਗ੍ਰਾਫੀ ਵਿੱਚ ਸੁਧਾਰ ਹੋਵੇਗਾ, ਪਰ ਇਸ ਦੇ ਲਈ ਕੋਈ ਗਤੀ ਖੋਜ, ਚਿੱਤਰ ਕੈਪਚਰ ਜਾਂ ਫਿਲਮ ਰਿਕਾਰਡਿੰਗ ਉਪਲਬਧ ਨਹੀਂ ਹੋਏਗੀ. ਕੈਮਰਾ ਤੁਹਾਡੇ ਸਰਵਰ ਅਤੇ ਤੁਹਾਡੇ ਬ੍ਰਾ .ਜ਼ਰ ਲਈ ਪਹੁੰਚਯੋਗ ਹੋਣਾ ਚਾਹੀਦਾ ਹੈ. ਇਸ ਕਿਸਮ ਦਾ ਕੈਮਰਾ ਇੰਟਰਨੈੱਟ ਐਕਸਪਲੋਰਰ ਨਾਲ ਮੇਲ ਨਹੀਂ ਖਾਂਦਾ."
,"Lokaj V4L2-kameraoj estas kameraaj aparatoj konektitaj rekte al via motionEye-sistemo, kutime per USB.": "ਸਥਾਨਕ ਵੀ 4 ਐਲ 2 ਕੈਮਰੇ ਕੈਮਰਾ ਉਪਕਰਣ ਹਨ ਜੋ ਸਿੱਧੇ ਤੁਹਾਡੇ ਮੋਸ਼ਨਇ ਸਿਸਟਮ ਨਾਲ ਜੁੜੇ ਹੁੰਦੇ ਹਨ, ਆਮ ਤੌਰ ਤੇ ਯੂ ਐਸ ਬੀ ਦੁਆਰਾ."
,"Aldonadi kameraon...": "ਕੈਮਰਾ ਸ਼ਾਮਲ ਕਰੋ ..."
,"Grupo": "ਸਮੂਹ"
,"Inkluzivi foton prenitan ĉiun": "ਹਰ ਇੱਕ ਲਈ ਗਈ ਇੱਕ ਫੋਟੋ ਸ਼ਾਮਲ ਕਰੋ"
,"sekundo": "ਦੂਜਾ"
,"5 sekundoj": "5 ਸਕਿੰਟ"
,"10 sekundoj": "10 ਸਕਿੰਟ"
,"30 sekundoj": "30 ਸਕਿੰਟ"
,"minuto": "ਮਿੰਟ"
,"5 minutoj": "5 ਮਿੰਟ"
,"10 minutoj": "10 ਮਿੰਟ"
,"30 minutoj": "30 ਮਿੰਟ"
,"horo": "ਇਕ ਘੰਟਾ"
,"Elektu la intervalon de tempo inter du elektitaj bildoj.": "ਦੋ ਚੁਣੇ ਚਿੱਤਰਾਂ ਵਿਚਕਾਰ ਸਮਾਂ ਅੰਤਰਾਲ ਦੀ ਚੋਣ ਕਰੋ."
,"Filmo framfrekvenco": "ਫਿਲਮ ਫਰੇਮ ਰੇਟ"
,"Elektu kiom rapide vi volas ke la akselita video estu.": "ਚੁਣੋ ਕਿ ਤੁਸੀਂ ਕਿੰਨੀ ਤੇਜ਼ੀ ਨਾਲ ਐਕਸਲੇਟਿਡ ਵੀਡੀਓ ਚਾਹੁੰਦੇ ਹੋ."
,"Konsiderante la grandan nombron da bildoj, krei vian video povus daŭri iom da tempo!": "ਵੱਡੀ ਗਿਣਤੀ ਵਿੱਚ ਤਸਵੀਰਾਂ ਨੂੰ ਧਿਆਨ ਵਿੱਚ ਰੱਖਦਿਆਂ, ਤੁਹਾਡੇ ਵੀਡੀਓ ਨੂੰ ਬਣਾਉਣ ਵਿੱਚ ਕੁਝ ਸਮਾਂ ਲੱਗ ਸਕਦਾ ਹੈ!"
,"Krei akselita video": "ਇੱਕ ਪ੍ਰਵੇਗਿਤ ਵੀਡੀਓ ਬਣਾਓ"
,"Filmo kreanta en progreso...": "ਇੱਕ ਫਿਲਮ ਪ੍ਰਗਤੀ ਵਿੱਚ ਹੈ ..."
,"Zipitaj": "ਜ਼ਿੱਪਰਡ"
,"Akselita video": "ਤੇਜ਼ ਵੀਡੀਓ"
,"Forigi ĉiujn": "ਸਭ ਨੂੰ ਹਟਾਓ"
,"Bildoj prenitaj de ": "ਦੁਆਰਾ ਖਿੱਚੀਆਂ ਤਸਵੀਰਾਂ"
,"Filmoj registritaj de ": "ਦੁਆਰਾ ਰਿਕਾਰਡ ਕੀਤੀਆਂ ਫਿਲਮਾਂ"
,"montru ĉi tiun fotilon plenekranan": "ਇਸ ਕੈਮਰਾ ਨੂੰ ਪੂਰਾ ਸਮਾਂ ਦਿਖਾਓ"
,"montri ĉiujn fotilojn": "ਸਾਰੇ ਕੈਮਰੇ ਦਿਖਾਓ"
,"montru nur ĉi tiun fotilon": "ਸਿਰਫ ਇਹ ਕੈਮਰਾ ਦਿਖਾਓ"
,"malfermaj bildoj retumilo": "ਚਿੱਤਰ ਬਰਾ browserਜ਼ਰ ਖੋਲ੍ਹੋ"
,"malferma videoj retumilo": "ਵੀਡੀਓ ਬਰਾ browserਜ਼ਰ ਖੋਲ੍ਹੋ"
,"agordi ĉi tiun kameraon": "ਇਸ ਕੈਮਰਾ ਸੈੱਟ ਕਰੋ"
,"preni instantaron": "ਇੱਕ ਸਨੈਪਸ਼ਾਟ ਲਓ"
,"Vi ankoraŭ ne agordis iun kameraon. Alklaku ĉi tie por aldoni unu ...": "ਤੁਸੀਂ ਅਜੇ ਤੱਕ ਕਿਸੇ ਵੀ ਕੈਮਰੇ ਨੂੰ ਕੌਂਫਿਗਰ ਨਹੀਂ ਕੀਤਾ ਹੈ. % ਨੂੰ ਜੋਡ਼ਨ ਲਈ ਇੱਥੇ ਕਲਿਕ ਕਰੋਂ ..."
,"enigu pozitivan nombron": "ਸਕਾਰਾਤਮਕ ਨੰਬਰ ਦਾਖਲ ਕਰੋ"
,"enigu pozitivan entjeran nombron": "ਇੱਕ ਸਕਾਰਾਤਮਕ ਪੂਰਨ ਅੰਕ ਦਾਖਲ ਕਰੋ"
,"enigu nombron": "ਇੱਕ ਨੰਬਰ ਦਰਜ ਕਰੋ"
,"enigu entjeran nombron": "ਇੱਕ ਪੂਰਨ ਅੰਕ ਦਾਖਲ ਕਰੋ"
," inter ": "ਵਿਚਕਾਰ"
," kaj ": "ਅਤੇ"
," pli ol ": "ਵੱਧ ਹੋਰ"
," malpli ol ": "ਤੋਂ ਘੱਟ"
,"enigu validan tempon en la sekva formato: HH:MM": "ਹੇਠ ਦਿੱਤੇ ਫਾਰਮੈਟ ਵਿੱਚ ਯੋਗ ਸਮਾਂ ਦਾਖਲ ਕਰੋ: ਐਚਐਚ: ਐਮਐਮ"
,"enigu validan URL (ekz. http://ekzemplo.com:8080/cams/)": "ਇੱਕ ਵੈਧ URL ਦਾਖਲ ਕਰੋ (ਉਦਾਹਰਣ ਲਈ http://example.com:8080/cams/)"
,"fermi": "ਬੰਦ ਕਰਨ ਲਈ"
,"Ne": "ਨਹੀਂ"
,"Jes": "ਹਾਂ"
,"Bone": "ਠੀਕ ਹੈ"
,"Auto Exposure": "ਆਟੋ ਐਕਸਪੋਜਰ"
,"Backlight Compensation": "ਬੈਕਲਾਈਟ ਮੁਆਵਜ਼ਾ"
,"Brightness": "ਚਮਕ"
,"Contrast": "ਇਸ ਦੇ ਉਲਟ"
,"Exposure Absolute": "ਐਕਸਪੋਜਰ ਬਿਲਕੁਲ"
,"Exposure Auto": "ਐਕਸਪੋਜਰ ਆਟੋ"
,"Exposure Auto Priority": "ਐਕਸਪੋਜਰ ਆਟੋ ਪ੍ਰਾਥਮਿਕਤਾ"
,"Exposure Time Absolute": "ਐਕਸਪੋਜਰ ਟਾਈਮ ਬਿਲਕੁਲ"
,"Focus Absolute": "ਬਿਲਕੁਲ ਧਿਆਨ ਦਿਓ"
,"Focus Auto": "ਫੋਕਸ ਆਟੋ"
,"Gain": "ਲਾਭ"
,"Gamma": "ਗਾਮਾ"
,"Hue": "ਹੂ"
,"Led1 Mode": "LED1 ਮੋਡ"
,"Led1 Frequency": "LED1 ਬਾਰੰਬਾਰਤਾ"
,"Pan Absolute": "ਹਿੰਮਤ"
,"Power Line Frequency": "ਪਾਵਰ ਲਾਈਨ ਬਾਰੰਬਾਰਤਾ"
,"Saturation": "ਸੰਤ੍ਰਿਪਤਾ"
,"Sharpness": "ਤਿੱਖਾਪਨ"
,"Tilt Absolute": "ਥੋੜਾ ਜਿਹਾ ਝੁਕੋ"
,"White Balance Temperature": "ਚਿੱਟਾ ਸੰਤੁਲਨ ਦਾ ਤਾਪਮਾਨ"
,"White Balance Temperature Auto": "ਚਿੱਟਾ ਸੰਤੁਲਨ ਦਾ ਤਾਪਮਾਨ ਆਟੋ"
,"Zoom Absolute": "ਜ਼ੂਮ ਬਿਲਕੁਲ"
}
