{"":{"language":"ms","plural-forms":"nplurals=2; plural=(n > 1);"}
,"specialaj signoj ne rajtas en pasvorto": "watak khas tidak dibenarkan dalam kata laluan"
,"Ĉi tiu kampo estas deviga": "Bidang ini diperlukan"
,"specialaj signoj ne rajtas en la nomo de kamerao": "watak khas tidak dibenarkan dalam nama kamera"
,"valoro devas esti multoblo de 8": "nilai mestilah gandaan 8"
,"specialaj signoj ne rajtas en radika voja nomo": "watak khas tidak dibenarkan dalam nama jalan root"
,"dosieroj ne povas esti kreitaj rekte en la radiko de via sistemo": "fail tidak dapat dibuat secara langsung di root sistem anda"
,"enigu validan retpoŝtadreson": "masukkan alamat e-mel yang sah"
,"enigu liston de koma apartaj validaj retpoŝtadresoj": "masukkan senarai alamat e-mel sah yang dipisahkan dengan koma"
,"specialaj signoj ne rajtas en dosiernomo": "watak khas tidak dibenarkan dalam nama fail"
,"enigu validan valoron": "masukkan nilai yang sah"
,"Ĉi rekursie forigos ĉiujn dosierojn ĉeestantajn en la nuba dosierujo \"": "Ini secara berulang akan menghapus semua fail dalam folder awan \""
,"\", ne nur tiuj alŝutitaj de motionEye!": "\", bukan hanya yang dimuat naik oleh motionEye!"
,"Ĉi rekursie forigos ĉiujn malnovajn amaskomunikilajn dosierojn en la dosierujo \"": "Ini secara berulang akan menghapus semua fail media lama dalam folder \""
,"\", ne nur tiuj kreitaj de motionEye!": "\", bukan hanya yang dicipta oleh motionEye!"
,"Ne eblas redakti la maskon sen valida kameraa bildo!": "Tidak dapat mengedit topeng tanpa gambar kamera yang sah!"
,"Propra": "Milik"
,"Propra dosierindiko": "Nama fail tersuai"
,"Retan kunlokon": "Komunikasi dalam talian"
,"Via retumilo ne efektivigas ĉi tiun funkcion!": "Penyemak imbas anda tidak menjalankan ciri ini!"
,"Apliki": "Memohon"
,"Certigu, ke ĉiuj agordaj opcioj validas!": "Pastikan semua pilihan konfigurasi adalah sah!"
,"Ĉi tio rekomencos la sistemon. Daŭrigi?": "Ini akan memulakan semula sistem. Terus?"
,"Vere fermiti sistemon?": "Betulkah sistem mati?"
,"Malŝaltita": "Mati"
,"Ĉu vere restartigi ?": "Benarkah mulakan semula?"
,"La sistemo rekomencis!": "Sistem dimulakan semula!"
,"Bonvolu apliki unue la modifitajn agordojn!": "Sila gunakan tetapan yang diubah suai terlebih dahulu!"
,"Neniu fotilo por forigi!": "Tiada kamera untuk dikeluarkan!"
,"Ĉu forigi kameraon ": "Boleh mengeluarkan kamera"
,"motionEye estas ĝisdatigita (aktuala versio: ": "motionEye dikemas kini (versi semasa:"
,"Nova versio havebla: ": "Versi baru tersedia:"
,". Ĝisdatigi?": ". Kemas kini?"
,"motionEye estis sukcese ĝisdatigita!": "motionEye telah berjaya dikemas kini!"
,"Ĝisdatigo malsukcesis!": "Kemas kini gagal!"
,"La ĝisdatiga procezo malsukcesis!": "Proses peningkatan gagal!"
,"Rezerva dosiero": "Fail sandaran"
,"La rezervan dosieron, kiun vi antaŭe elŝutis.": "Fail sandaran yang anda muat turun lebih awal."
,"Restaŭrigi Agordon": "Pulihkan Konfigurasi"
,"Restaŭriganta agordon ...": "Memulihkan konfigurasi ..."
,"La agordo restaŭrigis!": "Konfigurasi telah dipulihkan!"
,"Malsukcesis restaŭri la agordon!": "Gagal memulihkan konfigurasi!"
,"Aliri la alŝutan servon malsukcesis: ": "Gagal mengakses perkhidmatan muat naik:"
,"Aliri la alŝutan servon sukcesis!": "Mengakses perkhidmatan muat naik berjaya!"
,"Sciiga retpoŝto fiaskis:": "E-mel berita gagal:"
,"Certiĝu, ke ĉiuj agordaj opcioj estas validaj!": "Pastikan semua pilihan konfigurasi adalah sah!"
,"Sciiga Telegramo fiaskis:": "Telegram Pemberitahuan Gagal:"
,"Sciiga Telegramo sukcesis!": "Telegram Pemberitahuan berjaya!"
,"Aliro al retdividado fiaskis: ": "Akses kepada penghantaran rangkaian gagal:"
,"Aliro al retdividado sukcesis!": "Akses kepada retardasi telah berjaya!"
,"Ĉu vere forigi ĉi tiun dosieron?": "Benarkah memadam fail ini?"
,"Ĉu vere forigi ĉiujn bildojn de \"%(group)s\"?": "Benarkah memadam semua gambar dari \"%(group)s\"?"
,"Ĉu vere forigi ĉiujn filmojn de \"%(group)s\"?": "Benarkah membuang semua filem dari \"%(group)s\"?"
,"Ĉu vere forigi ĉiujn ne grupigitajn bildojn?": "Benarkah memadam semua gambar yang tidak dikumpulkan?"
,"Ĉu vere forigi ĉiujn ne grupigitajn filmojn?": "Benarkah memadam semua filem yang tidak dikumpulkan?"
,"aldonadi kameraon...": "tambah kamera ..."
,"Uzantnomo": "Nama pengguna"
,"Pasvorto": "Kata laluan"
,"Memoru min": "Ingat saya"
,"Ensaluti": "Log masuk"
,"Nuligi": "Batalkan"
,"Vi abortis la filmeton.": "Anda membatalkan video."
,"Reto eraro okazis.": "Ralat rangkaian berlaku."
,"Malkodado-eraro aŭ neprogresinta funkcio.": "Kesalahan penyahkodan atau fungsi bukan projek."
,"Formato ne subtenata aŭ neatingebla/netaŭga por ludado.": "Format tidak disokong atau tidak dapat diakses / tidak sesuai untuk main balik."
,"Nekonata eraro okazis.": "Ralat tidak diketahui berlaku."
,"Eraro : ": "Ralat:"
,"antaŭa bildo": "gambar sebelumnya"
,"ludi": "untuk bermain"
,"ludi * 5 kaj enĉenigi": "bermain * 5 dan rantai"
,"sekva bildo": "gambar seterusnya"
,"Fermi": "Tutup"
,"Elŝuti": "Muat turun"
,"Forigi": "Keluarkan"
,"Kamerao tipo": "Jenis kamera"
,"Loka V4L2-kamerao": "Kamera V4L2 tempatan"
,"Loka MMAL-kamerao": "Kamera MMAL tempatan"
,"Reta kamerao": "Kamera Web"
,"Fora motionEye kamerao": "Kamera mata gerak luar"
,"Simpla MJPEG-kamerao": "Kamera MJPEG ringkas"
,"la speco de kamerao, kiun vi volas aldoni": "jenis kamera yang ingin anda tambahkan"
,"URL": "URL"
,"http://ekzemplo.com:8765/cams/...": "http: //contoh.com: 8765 / kamera / ..."
,"la kameraa URL (ekz. http://ekzemplo.com:8080/cam/)": "URL kamera (mis. http://example.com:8080/cam/)"
,"uzantnomo...": "nama pengguna ..."
,"la uzantnomo por la URL, se bezonata (ekz. administranto)": "nama pengguna untuk URL, jika diperlukan (mis. admin)"
,"pasvorto...": "kata laluan ..."
,"la pasvorto por la URL, se bezonata": "kata laluan untuk URL, jika diperlukan"
,"Kamerao": "Kamera"
,"la kameraon, kiun vi volas aldoni": "kamera yang ingin anda tambah"
,"Fora motionEye kamerao estas kameraoj instalitaj malantaŭ alia servilo de MotionEye. Aldonante ilin ĉi tie permesos vin rigardi kaj administri ilin de malproksime.": "Kamera motionEye jarak jauh adalah kamera yang dipasang di belakang pelayan MotionEye yang lain. Menambahnya di sini akan membolehkan anda menonton dan menguruskannya dari jauh."
,"Retaj kameraoj (aŭ IP-kameraoj) estas aparatoj, kiuj denaske fluas RTSP/RTMP aŭ MJPEG-filmetojn aŭ simplajn JPEG-bildojn. Konsultu la manlibron de via aparato por ekscii la ĝustan URL RTSP, RTMP, MJPEG aŭ JPEG.": "Kamera rangkaian (atau kamera IP) adalah peranti yang menstrimkan video RTSP / RTMP atau MJPEG secara asli atau gambar JPEG sederhana. Rujuk manual peranti anda untuk mengetahui URL RTSP, RTMP, MJPEG atau JPEG yang betul."
,"Lokaj MMAL-kameraoj estas aparatoj konektitaj rekte al via motionEye-sistemo. Ĉi tiuj estas kutime kart-specifaj kameraoj.": "Kamera MMAL tempatan adalah peranti yang disambungkan secara langsung ke sistem motionEye anda. Ini biasanya kamera khusus kad."
,"Aldonante vian aparaton kiel simplan MJPEG-kameraon anstataŭ kiel retan kameraon plibonigos la fotografaĵon, sed neniu moviĝo-detekto, bilda kaptado aŭ registrado de filmoj estos disponebla por ĝi. La kamerao devas esti alirebla por via servilo kaj via retumilo. Ĉi tiu tipo de kamerao ne kongruas kun Internet Explorer.": "Menambah peranti anda sebagai kamera MJPEG sederhana dan bukan sebagai kamera web akan meningkatkan fotografi, tetapi tidak ada pengesanan gerakan, pengambilan gambar atau rakaman filem yang tersedia untuknya. Kamera mesti dapat diakses oleh pelayan dan penyemak imbas anda. Jenis kamera ini tidak sepadan dengan Internet Explorer."
,"Lokaj V4L2-kameraoj estas kameraaj aparatoj konektitaj rekte al via motionEye-sistemo, kutime per USB.": "Kamera V4L2 tempatan adalah peranti kamera yang disambungkan terus ke sistem motionEye anda, biasanya melalui USB."
,"Aldonadi kameraon...": "Tambahkan kamera ..."
,"Grupo": "Kumpulan"
,"Inkluzivi foton prenitan ĉiun": "Sertakan gambar yang diambil masing-masing"
,"sekundo": "kedua"
,"5 sekundoj": "5 saat"
,"10 sekundoj": "10 saat"
,"30 sekundoj": "30 saat"
,"minuto": "minit"
,"5 minutoj": "5 minit"
,"10 minutoj": "10 minit"
,"30 minutoj": "30 minit"
,"horo": "sejam"
,"Elektu la intervalon de tempo inter du elektitaj bildoj.": "Pilih selang waktu antara dua gambar yang dipilih."
,"Filmo framfrekvenco": "Kadar bingkai filem"
,"Elektu kiom rapide vi volas ke la akselita video estu.": "Pilih seberapa pantas anda mahu video dipercepat."
,"Konsiderante la grandan nombron da bildoj, krei vian video povus daŭri iom da tempo!": "Memandangkan sejumlah besar gambar, membuat video anda memerlukan sedikit masa!"
,"Krei akselita video": "Buat video dipercepat"
,"Filmo kreanta en progreso...": "Filem sedang berlangsung ..."
,"Zipitaj": "Berzip"
,"Akselita video": "Video dipercepat"
,"Forigi ĉiujn": "Keluarkan semuanya"
,"Bildoj prenitaj de ": "Gambar diambil oleh"
,"Filmoj registritaj de ": "Filem yang dirakam oleh"
,"montru ĉi tiun fotilon plenekranan": "Tunjukkan kamera ini sepenuh masa"
,"montri ĉiujn fotilojn": "Tunjukkan semua kamera"
,"montru nur ĉi tiun fotilon": "Tunjukkan hanya kamera ini"
,"malfermaj bildoj retumilo": "buka penyemak imbas gambar"
,"malferma videoj retumilo": "buka penyemak imbas video"
,"agordi ĉi tiun kameraon": "tetapkan kamera ini"
,"preni instantaron": "ambil gambar"
,"Vi ankoraŭ ne agordis iun kameraon. Alklaku ĉi tie por aldoni unu ...": "Anda belum mengkonfigurasi mana-mana kamera. Klik di sini untuk menambah ..."
,"enigu pozitivan nombron": "masukkan nombor positif"
,"enigu pozitivan entjeran nombron": "masukkan bilangan bulat positif"
,"enigu nombron": "masukkan nombor"
,"enigu entjeran nombron": "masukkan nombor bulat"
," inter ": "di antara"
," kaj ": "dan"
," pli ol ": "lebih daripada"
," malpli ol ": "kurang daripada"
,"enigu validan tempon en la sekva formato: HH:MM": "masukkan masa yang sah dalam format berikut: HH: MM"
,"enigu validan URL (ekz. http://ekzemplo.com:8080/cams/)": "masukkan URL yang sah (mis. http://example.com:8080/cams/)"
,"fermi": "untuk menutup"
,"Ne": "Tidak"
,"Jes": "Ya"
,"Bone": "Baiklah"
,"Auto Exposure": "Pendedahan auto"
,"Backlight Compensation": "Pampasan latar belakang"
,"Brightness": "Kecerahan"
,"Contrast": "Kontras"
,"Exposure Absolute": "Pendedahan benar -benar"
,"Exposure Auto": "Pendedahan Auto"
,"Exposure Auto Priority": "Prioriti auto pendedahan"
,"Exposure Time Absolute": "Waktu pendedahan benar -benar"
,"Focus Absolute": "Fokus benar -benar"
,"Focus Auto": "Fokus Auto"
,"Gain": "Keuntungan"
,"Gamma": "Gamma"
,"Hue": "Hue"
,"Led1 Mode": "Mod LED1"
,"Led1 Frequency": "Kekerapan LED1"
,"Pan Absolute": "Pan benar -benar"
,"Power Line Frequency": "Kekerapan talian kuasa"
,"Saturation": "Ketepuan"
,"Sharpness": "Ketajaman"
,"Tilt Absolute": "Tilt benar -benar"
,"White Balance Temperature": "Suhu keseimbangan putih"
,"White Balance Temperature Auto": "Auto suhu keseimbangan putih"
,"Zoom Absolute": "Zoom benar -benar"
}
