{"":{"language":"zh","plural-forms":"nplurals=2; plural=(n > 1);"}
,"specialaj signoj ne rajtas en pasvorto": "密码中不允许使用特殊字符"
,"Ĉi tiu kampo estas deviga": "必填项"
,"specialaj signoj ne rajtas en la nomo de kamerao": "摄像头名称中不允许使用特殊字符"
,"valoro devas esti multoblo de 8": "值必须是8的倍数"
,"specialaj signoj ne rajtas en radika voja nomo": "根路径名中不允许使用特殊字符"
,"dosieroj ne povas esti kreitaj rekte en la radiko de via sistemo": "不能在系统根目录中创建文件"
,"enigu validan retpoŝtadreson": "输入有效的电子邮箱"
,"enigu liston de koma apartaj validaj retpoŝtadresoj": "输入以逗号分隔的有效电子邮件地址列表"
,"specialaj signoj ne rajtas en dosiernomo": "文件名中不允许使用特殊字符"
,"enigu validan valoron": "输入一个有效值"
,"Ĉi rekursie forigos ĉiujn dosierojn ĉeestantajn en la nuba dosierujo \"": "将递归删除云文件夹中的所有文件”"
,"\", ne nur tiuj alŝutitaj de motionEye!": "”，不只是由motionEye上传的！"
,"Ĉi rekursie forigos ĉiujn malnovajn amaskomunikilajn dosierojn en la dosierujo \"": "将递归删除文件夹中所有过期的媒体文件”"
,"\", ne nur tiuj kreitaj de motionEye!": "”，不只是由motionEye创建的！"
,"Ne eblas redakti la maskon sen valida kameraa bildo!": "无法在摄像头无效的情况下编辑蒙版！"
,"Propra": "自定义"
,"Propra dosierindiko": "自定义路径"
,"Retan kunlokon": "在线连接"
,"Via retumilo ne efektivigas ĉi tiun funkcion!": "您的浏览器不支持此功能！"
,"Apliki": "应用修改"
,"Certigu, ke ĉiuj agordaj opcioj validas!": "请检查所有配置项是否有效！"
,"Ĉi tio rekomencos la sistemon. Daŭrigi?": "是否重新启动系统？"
,"Vere fermiti sistemon?": "确认关机？"
,"Malŝaltita": "关机"
,"Ĉu vere restartigi ?": "是否重启？"
,"La sistemo rekomencis!": "系统已重启！"
,"Bonvolu apliki unue la modifitajn agordojn!": "请先应用设置更改！"
,"Neniu fotilo por forigi!": "无摄像头可移除！"
,"Ĉu forigi kameraon ": "移除摄像头 "
,"motionEye estas ĝisdatigita (aktuala versio: ": "motionEye已最新（当前版本： "
,"Nova versio havebla: ": "新版本可用： "
,". Ĝisdatigi?": "，立即更新？"
,"motionEye estis sukcese ĝisdatigita!": "motionEye已成功更新！"
,"Ĝisdatigo malsukcesis!": "更新失败！"
,"La ĝisdatiga procezo malsukcesis!": "升级失败！"
,"Rezerva dosiero": "备份文件"
,"La rezervan dosieron, kiun vi antaŭe elŝutis.": "您先前下载的备份文件。"
,"Restaŭrigi Agordon": "配置加载"
,"Restaŭriganta agordon ...": "配置加载中..."
,"La agordo restaŭrigis!": "配置已加载！"
,"Malsukcesis restaŭri la agordon!": "配置加载失败！"
,"Aliri la alŝutan servon malsukcesis: ": "连接上传服务失败： "
,"Aliri la alŝutan servon sukcesis!": "连接上传服务成功！"
,"Sciiga retpoŝto fiaskis:": "通知邮件失败："
,"Certiĝu, ke ĉiuj agordaj opcioj estas validaj!": "请确认所有配置项都有效！"
,"Sciiga Telegramo fiaskis:": "通知Telegram失败："
,"Sciiga Telegramo sukcesis!": "通知Telegram成功！"
,"Aliro al retdividado fiaskis: ": "访问网络共享失败： "
,"Aliro al retdividado sukcesis!": "访问网络共享成功！"
,"Ĉu vere forigi ĉi tiun dosieron?": "是否删除此文件？"
,"Ĉu vere forigi ĉiujn bildojn de \"%(group)s\"?": "是否删除\"%(group)s\"组中的所有图片？"
,"Ĉu vere forigi ĉiujn filmojn de \"%(group)s\"?": "是否删除\"%(group)s\"中的所有录像？"
,"Ĉu vere forigi ĉiujn ne grupigitajn bildojn?": "是否删除所有未分组的图像？"
,"Ĉu vere forigi ĉiujn ne grupigitajn filmojn?": "是否删除所有未分组的录像？"
,"aldonadi kameraon...": "添加摄像头..."
,"Uzantnomo": "用户名"
,"Pasvorto": "密码"
,"Memoru min": "记住我"
,"Ensaluti": "登入"
,"Nuligi": "取消"
,"Vi abortis la filmeton.": "您中止了视频。"
,"Reto eraro okazis.": "发生网络错误。"
,"Malkodado-eraro aŭ neprogresinta funkcio.": "解码错误或不支持的媒体特性。"
,"Formato ne subtenata aŭ neatingebla/netaŭga por ludado.": "格式不支持或无权限回放/回放不可用。"
,"Nekonata eraro okazis.": "发生未知错误。"
,"Eraro : ": "错误： "
,"antaŭa bildo": "上一张图像"
,"ludi": "播放"
,"ludi * 5 kaj enĉenigi": "顺序5倍速播放"
,"sekva bildo": "下一张图像"
,"Fermi": "关闭"
,"Elŝuti": "下载"
,"Forigi": "删除"
,"Kamerao tipo": "摄像头类型"
,"Loka V4L2-kamerao": "本地V4L2摄像头"
,"Loka MMAL-kamerao": "本地MMAL摄像头"
,"Reta kamerao": "网路摄影头"
,"Fora motionEye kamerao": "远程motionEye摄像头"
,"Simpla MJPEG-kamerao": "普通MJPEG摄像头"
,"la speco de kamerao, kiun vi volas aldoni": "您要添加的摄像头类型"
,"URL": "URL"
,"http://ekzemplo.com:8765/cams/...": "http://ekzemplo.com:8765/cams/..."
,"la kameraa URL (ekz. http://ekzemplo.com:8080/cam/)": "摄像头网址（例如：http://example.com:8080/cam/）"
,"uzantnomo...": "用户名..."
,"la uzantnomo por la URL, se bezonata (ekz. administranto)": "URL的用户名（选填，例如：admin）"
,"pasvorto...": "密码..."
,"la pasvorto por la URL, se bezonata": "URL的密码（选填）"
,"Kamerao": "摄像头"
,"la kameraon, kiun vi volas aldoni": "您要添加的摄像头"
,"Fora motionEye kamerao estas kameraoj instalitaj malantaŭ alia servilo de MotionEye. Aldonante ilin ĉi tie permesos vin rigardi kaj administri ilin de malproksime.": "远程MotionEye摄像头是安装在另一台MotionEye服务器下摄像头。在此处添加将使您可以远程查看和管理它们。"
,"Retaj kameraoj (aŭ IP-kameraoj) estas aparatoj, kiuj denaske fluas RTSP/RTMP aŭ MJPEG-filmetojn aŭ simplajn JPEG-bildojn. Konsultu la manlibron de via aparato por ekscii la ĝustan URL RTSP, RTMP, MJPEG aŭ JPEG.": "网络摄像头（或IP摄像头）是指传输原生RTSP / RTMP流或MJPEG视频流或普通MJPEG图像流的设备。请查阅您的设备手册，以找到正确的RTSP，RTMP，MJPEG或JPEG的URL地址。"
,"Lokaj MMAL-kameraoj estas aparatoj konektitaj rekte al via motionEye-sistemo. Ĉi tiuj estas kutime kart-specifaj kameraoj.": "本地MMAL摄像头是指直接连接到motionEye系统的设备。这些通常是硬件提供接口兼容的摄像头。"
,"Aldonante vian aparaton kiel simplan MJPEG-kameraon anstataŭ kiel retan kameraon plibonigos la fotografaĵon, sed neniu moviĝo-detekto, bilda kaptado aŭ registrado de filmoj estos disponebla por ĝi. La kamerao devas esti alirebla por via servilo kaj via retumilo. Ĉi tiu tipo de kamerao ne kongruas kun Internet Explorer.": "将设备添加为简单的MJPEG摄像头而不是网络摄像头可以改善摄影效果，但是无法进行运动检测，图像捕获或动画录制。您的服务器和浏览器必须可以访问该相机。这类相机与Internet Explorer不匹配。"
,"Lokaj V4L2-kameraoj estas kameraaj aparatoj konektitaj rekte al via motionEye-sistemo, kutime per USB.": "本地V4L2摄像头通常通过USB直接连接到motionEye系统。"
,"Aldonadi kameraon...": "添加摄像头..."
,"Grupo": "分组"
,"Inkluzivi foton prenitan ĉiun": "包括每张图像"
,"sekundo": "第二"
,"5 sekundoj": "5秒"
,"10 sekundoj": "10秒"
,"30 sekundoj": "30秒"
,"minuto": "分钟"
,"5 minutoj": "5分钟"
,"10 minutoj": "10分钟"
,"30 minutoj": "30分钟"
,"horo": "小时"
,"Elektu la intervalon de tempo inter du elektitaj bildoj.": "选择两个选定图像之间的时间间隔。"
,"Filmo framfrekvenco": "视频帧率"
,"Elektu kiom rapide vi volas ke la akselita video estu.": "选择您想要视频减缓的速度。"
,"Konsiderante la grandan nombron da bildoj, krei vian video povus daŭri iom da tempo!": "图片太多会导致创建视频需要一些时间！"
,"Krei akselita video": "创建延时视频"
,"Filmo kreanta en progreso...": "延时视频创建中..."
,"Zipitaj": "链式"
,"Akselita video": "回看"
,"Forigi ĉiujn": "全部删除"
,"Bildoj prenitaj de ": "图像拍摄自 "
,"Filmoj registritaj de ": "视频录像自 "
,"montru ĉi tiun fotilon plenekranan": "全屏展示此摄像头"
,"montri ĉiujn fotilojn": "显示所有摄像头"
,"montru nur ĉi tiun fotilon": "只显示此摄像头"
,"malfermaj bildoj retumilo": "打开图像浏览器"
,"malferma videoj retumilo": "打开视频浏览器"
,"agordi ĉi tiun kameraon": "配置此摄像头"
,"preni instantaron": "快照"
,"Vi ankoraŭ ne agordis iun kameraon. Alklaku ĉi tie por aldoni unu ...": "您尚未配置任何摄像头。点击这里添加一个..."
,"enigu pozitivan nombron": "输入一个正数"
,"enigu pozitivan entjeran nombron": "输入一个正整数"
,"enigu nombron": "输入一个数字"
,"enigu entjeran nombron": "输入一个整数"
," inter ": " 之间 "
," kaj ": " 和 "
," pli ol ": " 超过 "
," malpli ol ": " 少于 "
,"enigu validan tempon en la sekva formato: HH:MM": "按以下格式输入时间：HH:MM"
,"enigu validan URL (ekz. http://ekzemplo.com:8080/cams/)": "输入有效的网址（例如：http://example.com:8080/cams/）"
,"fermi": "关闭"
,"Ne": "否"
,"Jes": "是"
,"Bone": "确定"
,"Auto Exposure": "自动曝光"
,"Backlight Compensation": "背光补偿"
,"Brightness": "亮度"
,"Contrast": "对比度"
,"Exposure Absolute": "绝对曝光度"
,"Exposure Auto": "曝光自动"
,"Exposure Auto Priority": "曝光自动优先级"
,"Exposure Time Absolute": "曝光绝对时间"
,"Focus Absolute": "绝对焦距"
,"Focus Auto": "聚焦自动"
,"Gain": "增益值"
,"Gamma": "伽玛值"
,"Hue": "色调值"
,"Led1 Mode": "LED1模式"
,"Led1 Frequency": "LED1频率"
,"Pan Absolute": "绝对混响"
,"Power Line Frequency": "电源线频率"
,"Saturation": "饱和度"
,"Sharpness": "清晰度"
,"Tilt Absolute": "绝对倾斜"
,"White Balance Temperature": "白平衡温度"
,"White Balance Temperature Auto": "白平衡自动"
,"Zoom Absolute": "绝对缩放"
}
