{"":{"language":"it","plural-forms":"nplurals=2; plural=(n > 1);"}
,"specialaj signoj ne rajtas en pasvorto": "i caratteri speciali non sono ammessi nella password"
,"Ĉi tiu kampo estas deviga": "Questo campo è obbligatorio"
,"specialaj signoj ne rajtas en la nomo de kamerao": "i caratteri speciali non sono ammessi nel nome della videocamera"
,"valoro devas esti multoblo de 8": "il valore deve essere un multiplo di 8"
,"specialaj signoj ne rajtas en radika voja nomo": "i caratteri speciali non sono ammessi nel nome della cartella root"
,"dosieroj ne povas esti kreitaj rekte en la radiko de via sistemo": "i file non possono essere creati direttamente nella cartella root"
,"enigu validan retpoŝtadreson": "inserisci un indirizzo email valido"
,"enigu liston de koma apartaj validaj retpoŝtadresoj": "inserisci un elenco di indirizzi email validi separati da virgola"
,"specialaj signoj ne rajtas en dosiernomo": "i caratteri speciali non sono ammessi nel nome file"
,"enigu validan valoron": "inserisci un valore valido"
,"Ĉi rekursie forigos ĉiujn dosierojn ĉeestantajn en la nuba dosierujo \"": "Questa azione eliminerà tutti i file nella cartella cloud in modo ricorsivo\""
,"\", ne nur tiuj alŝutitaj de motionEye!": "\", non solo quelli caricati da motionEye!"
,"Ĉi rekursie forigos ĉiujn malnovajn amaskomunikilajn dosierojn en la dosierujo \"": "Questa azione eliminerà tutti i vecchi file multimediali nella cartella \""
,"\", ne nur tiuj kreitaj de motionEye!": "\", non solo quelli creati da motionEye!"
,"Ne eblas redakti la maskon sen valida kameraa bildo!": "Non è possibile modificare la maschera senza un'immagine della videocamera valida!"
,"Propra": "Personalizzato"
,"Propra dosierindiko": "Percorso personalizzato"
,"Retan kunlokon": "Risorsa di rete"
,"Via retumilo ne efektivigas ĉi tiun funkcion!": "Il tuo browser non supporta questa funzione!"
,"Apliki": "Applica"
,"Certigu, ke ĉiuj agordaj opcioj validas!": "Assicurati che tutte le opzioni siano valide!"
,"Ĉi tio rekomencos la sistemon. Daŭrigi?": "Il sistema verrà riavviato. Continuare?"
,"Vere fermiti sistemon?": "Spegnere il sistema?"
,"Malŝaltita": "Spento"
,"Ĉu vere restartigi ?": "Confermi di voler riavviare?"
,"La sistemo rekomencis!": "Il sistema è stato riavviato!"
,"Bonvolu apliki unue la modifitajn agordojn!": "Per favore applica le impostazioni modificate prima!"
,"Neniu fotilo por forigi!": "Nessuna videocamera da rimuovere!"
,"Ĉu forigi kameraon ": "Rimuovi la videocamera "
,"motionEye estas ĝisdatigita (aktuala versio: ": "motionEye è aggiornato (versione corrente: "
,"Nova versio havebla: ": "Nuova versione disponibile: "
,". Ĝisdatigi?": ". Aggiornare?"
,"motionEye estis sukcese ĝisdatigita!": "motionEye è stato aggiornato correttamente!"
,"Ĝisdatigo malsukcesis!": "Aggiornamento fallito!"
,"La ĝisdatiga procezo malsukcesis!": "Il processo di aggiornamento non è andato a buon fine!"
,"Rezerva dosiero": "File di backup"
,"La rezervan dosieron, kiun vi antaŭe elŝutis.": "file di backup scaricato in precedenza."
,"Restaŭrigi Agordon": "Ripristina configurazione"
,"Restaŭriganta agordon ...": "Ripristino della configurazione ..."
,"La agordo restaŭrigis!": "La configurazione è stata ripristinata!"
,"Malsukcesis restaŭri la agordon!": "Impossibile ripristinare la configurazione!"
,"Aliri la alŝutan servon malsukcesis: ": "Accesso al servizio di caricamento non riuscito: "
,"Aliri la alŝutan servon sukcesis!": "L'accesso al servizio di caricamento è andato a buon fine!"
,"Sciiga retpoŝto fiaskis:": "Notifica per email non riuscita:"
,"Certiĝu, ke ĉiuj agordaj opcioj estas validaj!": "Assicurati che tutte le opzioni siano valide!"
,"Sciiga Telegramo fiaskis:": "Notifica Telegram fallita:"
,"Sciiga Telegramo sukcesis!": "Notifica Telegram inviata!"
,"Aliro al retdividado fiaskis: ": "Accesso alla risorsa di rete non riuscito: "
,"Aliro al retdividado sukcesis!": "Accesso alla risorsa di rete avvenuto con successo!"
,"Ĉu vere forigi ĉi tiun dosieron?": "Eliminare il file?"
,"Ĉu vere forigi ĉiujn bildojn de \"%(group)s\"?": "Eliminare tutte le immagini da \"%(group)s\"?"
,"Ĉu vere forigi ĉiujn filmojn de \"%(group)s\"?": "Rimuovere tutte le registrazioni da \"%(group)s\"?"
,"Ĉu vere forigi ĉiujn ne grupigitajn bildojn?": "Eliminare tutte le immagini non raggruppate?"
,"Ĉu vere forigi ĉiujn ne grupigitajn filmojn?": "Eliminare tutte le registrazioni non raggruppate?"
,"aldonadi kameraon...": "aggiungi videocamera ..."
,"Uzantnomo": "Nome utente"
,"Pasvorto": "Password"
,"Memoru min": "Ricorda dati di accesso"
,"Ensaluti": "Accedi"
,"Nuligi": "Annulla"
,"Vi abortis la filmeton.": "Hai interrotto il video."
,"Reto eraro okazis.": "Si è verificato un errore di rete."
,"Malkodado-eraro aŭ neprogresinta funkcio.": "Errore di decodifica o funzione media non supportata."
,"Formato ne subtenata aŭ neatingebla/netaŭga por ludado.": "Formato non supportato o inaccessibile/non adatto alla riproduzione."
,"Nekonata eraro okazis.": "Si è verificato un errore sconosciuto."
,"Eraro : ": "Errore: "
,"antaŭa bildo": "immagine precedente"
,"ludi": "play"
,"ludi * 5 kaj enĉenigi": "riproduci * 5 e concatena"
,"sekva bildo": "immagine successiva"
,"Fermi": "Chiudi"
,"Elŝuti": "Download"
,"Forigi": "Rimuovi"
,"Kamerao tipo": "Tipo di videocamera"
,"Loka V4L2-kamerao": "Videocamera V4L2 locale"
,"Loka MMAL-kamerao": "Videocamera MMAL locale"
,"Reta kamerao": "Videocamera di rete"
,"Fora motionEye kamerao": "Videocamera esterna"
,"Simpla MJPEG-kamerao": "Videocamera MJPEG semplice"
,"la speco de kamerao, kiun vi volas aldoni": "il tipo di videocamera che si desidera aggiungere"
,"URL": "URL"
,"http://ekzemplo.com:8765/cams/...": "http://esempio.com:8765/cams/..."
,"la kameraa URL (ekz. http://ekzemplo.com:8080/cam/)": "l'URL della videocamera (ad es. http://esempio.com:8080/cam/)"
,"uzantnomo...": "nome utente ..."
,"la uzantnomo por la URL, se bezonata (ekz. administranto)": "il nome utente per l'URL, se necessario (ad es. admin)"
,"pasvorto...": "password ..."
,"la pasvorto por la URL, se bezonata": "la password per l'URL, se necessario"
,"Kamerao": "Videocamera"
,"la kameraon, kiun vi volas aldoni": "la videocamera che vuoi aggiungere"
,"Fora motionEye kamerao estas kameraoj instalitaj malantaŭ alia servilo de MotionEye. Aldonante ilin ĉi tie permesos vin rigardi kaj administri ilin de malproksime.": "Una videocamera MotionEye remota è una videocamera installata dietro un altro server MotionEye. Aggiungendole qui potrai guardarle e gestirle a distanza."
,"Retaj kameraoj (aŭ IP-kameraoj) estas aparatoj, kiuj denaske fluas RTSP/RTMP aŭ MJPEG-filmetojn aŭ simplajn JPEG-bildojn. Konsultu la manlibron de via aparato por ekscii la ĝustan URL RTSP, RTMP, MJPEG aŭ JPEG.": "Le videocamere di rete (o videocamere IP) sono dispositivi che trasmettono in streaming video RTSP/RTMP, MJPEG o semplici immagini JPEG. Consulta il manuale del tuo dispositivo per scoprire l'URL RTSP, RTMP, MJPEG o JPEG corretto."
,"Lokaj MMAL-kameraoj estas aparatoj konektitaj rekte al via motionEye-sistemo. Ĉi tiuj estas kutime kart-specifaj kameraoj.": "Le videocamere MMAL locali sono dispositivi collegati direttamente al sistema motionEye. Di solito si tratta di telecamere specifiche della scheda."
,"Aldonante vian aparaton kiel simplan MJPEG-kameraon anstataŭ kiel retan kameraon plibonigos la fotografaĵon, sed neniu moviĝo-detekto, bilda kaptado aŭ registrado de filmoj estos disponebla por ĝi. La kamerao devas esti alirebla por via servilo kaj via retumilo. Ĉi tiu tipo de kamerao ne kongruas kun Internet Explorer.": "L'aggiunta del dispositivo come una semplice videocamera MJPEG anziché come una videocamera di rete migliorerà il frame rate, ma renderà non disponibile la rilevazione di movimento, l'acquisizione di immagini o registrazione di filmati. La videocamera deve essere accessibile al server e al browser. Questo tipo di videocamera non è compatibile con Internet Explorer."
,"Lokaj V4L2-kameraoj estas kameraaj aparatoj konektitaj rekte al via motionEye-sistemo, kutime per USB.": "Le videocamere V4L2 locali sono dispositivi collegati direttamente al sistema motionEye, in genere tramite USB."
,"Aldonadi kameraon...": "Aggiungi videocamera ..."
,"Grupo": "Gruppo"
,"Inkluzivi foton prenitan ĉiun": "Includi una foto scattata ogni"
,"sekundo": "secondo"
,"5 sekundoj": "5 secondi"
,"10 sekundoj": "10 secondi"
,"30 sekundoj": "30 secondi"
,"minuto": "Minuto"
,"5 minutoj": "5 minuti"
,"10 minutoj": "10 minuti"
,"30 minutoj": "30 minuti"
,"horo": "Ora"
,"Elektu la intervalon de tempo inter du elektitaj bildoj.": "Seleziona l'intervallo di tempo tra due immagini selezionate."
,"Filmo framfrekvenco": "Frame rate filmato"
,"Elektu kiom rapide vi volas ke la akselita video estu.": "seleziona la velocità di riproduzione del timelapse."
,"Konsiderante la grandan nombron da bildoj, krei vian video povus daŭri iom da tempo!": "Considerando il gran numero di immagini, la creazione del tuo filmato in timelapse potrebbe richiedere del tempo!"
,"Krei akselita video": "Crea un filmato in timelapse"
,"Filmo kreanta en progreso...": "Creazione filmato in timelapse in corso ..."
,"Zipitaj": "Compresso"
,"Akselita video": "Timelapse"
,"Forigi ĉiujn": "Elimina tutti"
,"Bildoj prenitaj de ": "Foto scattate da "
,"Filmoj registritaj de ": "Filmati registrati da "
,"montru ĉi tiun fotilon plenekranan": "Mostra questa videocamera a tempo pieno"
,"montri ĉiujn fotilojn": "Mostra tutte le videocamere"
,"montru nur ĉi tiun fotilon": "Mostra solo questa videocamera"
,"malfermaj bildoj retumilo": "apri il browser delle immagini"
,"malferma videoj retumilo": "apri il browser dei filmati"
,"agordi ĉi tiun kameraon": "imposta questa videocamera"
,"preni instantaron": "scatta un'istantanea"
,"Vi ankoraŭ ne agordis iun kameraon. Alklaku ĉi tie por aldoni unu ...": "Non hai ancora configurato alcuna videocamera. Clicca qui per aggiungerne una ..."
,"enigu pozitivan nombron": "inserisci un numero positivo"
,"enigu pozitivan entjeran nombron": "inserisci un numero intero positivo"
,"enigu nombron": "inserisci un numero"
,"enigu entjeran nombron": "inserisci un numero intero"
," inter ": " tra "
," kaj ": " e "
," pli ol ": " maggiore di "
," malpli ol ": " minore di "
,"enigu validan tempon en la sekva formato: HH:MM": "inserisci un orario valido nel seguente formato: HH: MM"
,"enigu validan URL (ekz. http://ekzemplo.com:8080/cams/)": "inserisci un URL valido (ad es. http://esempio.com:8080/cams/)"
,"fermi": "chiudi"
,"Ne": "No"
,"Jes": "Sì"
,"Bone": "OK"
,"Auto Exposure": "Esposizione automatica"
,"Backlight Compensation": "Compensazione retroilluminazione"
,"Brightness": "Luminosità"
,"Contrast": "Contrasto"
,"Exposure Absolute": "Esposizione assoluta"
,"Exposure Auto": "Esposizione automatica"
,"Exposure Auto Priority": "Esposizione priorità automatica"
,"Exposure Time Absolute": "Tempo di esposizione assoluta"
,"Focus Absolute": "Focus assoluto"
,"Focus Auto": "Auto Focus"
,"Gain": "Guadagno"
,"Gamma": "Gamma"
,"Hue": "Tinta"
,"Led1 Mode": "Modalità LED1"
,"Led1 Frequency": "Frequenza LED1"
,"Pan Absolute": "Pan assoluto"
,"Power Line Frequency": "Frequenza della linea di alimentazione"
,"Saturation": "Saturazione"
,"Sharpness": "Nitidezza"
,"Tilt Absolute": "Inclinazione assoluta"
,"White Balance Temperature": "Temperatura del bilanciamento del bianco"
,"White Balance Temperature Auto": "Temperatura di bilanciamento bianco automatico"
,"Zoom Absolute": "Zoom assoluto"
}
