{"":{"language":"pl","plural-forms":"nplurals=2; plural=(n > 1);"}
,"specialaj signoj ne rajtas en pasvorto": "znaki specjalne w haśle nie są dozwolone"
,"Ĉi tiu kampo estas deviga": "To pole jest wymagane"
,"specialaj signoj ne rajtas en la nomo de kamerao": "znaki specjalne nie są dozwolone w nazwie kamery"
,"valoro devas esti multoblo de 8": "wartość musi być wielokrotnością 8"
,"specialaj signoj ne rajtas en radika voja nomo": "znaki specjalne nie są dozwolone w nazwie katalogu głównego"
,"dosieroj ne povas esti kreitaj rekte en la radiko de via sistemo": "nie można tworzyć plików bezpośrednio w katalogu głównym systemu"
,"enigu validan retpoŝtadreson": "wprowadź prawidłowy adres e-mail"
,"enigu liston de koma apartaj validaj retpoŝtadresoj": "wprowadź listę prawidłowych adresów e-mail oddzielonych przecinkami"
,"specialaj signoj ne rajtas en dosiernomo": "znaki specjalne nie są dozwolone w nazwie pliku"
,"enigu validan valoron": "wprowadź prawidłową wartość"
,"Ĉi rekursie forigos ĉiujn dosierojn ĉeestantajn en la nuba dosierujo \"": "Spowoduje to rekurencyjne usunięcie wszystkich plików obecnych w katalogu chmury \""
,"\", ne nur tiuj alŝutitaj de motionEye!": "”, nie tylko przesłanych przez motionEye!"
,"Ĉi rekursie forigos ĉiujn malnovajn amaskomunikilajn dosierojn en la dosierujo \"": "To spowoduje rekurencyjne usunięcie wszystkich starych plików multimedialnych znajdujących się w katalogu \""
,"\", ne nur tiuj kreitaj de motionEye!": "\", nie tylko tych stworzonych przez motionEye!"
,"Ne eblas redakti la maskon sen valida kameraa bildo!": "Nie można edytować maski bez prawidłowego obrazu z kamery!"
,"Propra": "Niestandardowy"
,"Propra dosierindiko": "Ścieżka niestandardowa"
,"Retan kunlokon": "Udział sieciowy"
,"Via retumilo ne efektivigas ĉi tiun funkcion!": "Twoja przeglądarka nie obsługuje tej funkcji!"
,"Apliki": "Zastosuj"
,"Certigu, ke ĉiuj agordaj opcioj validas!": "Upewnij się, że wszystkie opcje konfiguracji są prawidłowe!"
,"Ĉi tio rekomencos la sistemon. Daŭrigi?": "To spowoduje ponowne uruchomienie systemu. Kontynuować?"
,"Vere fermiti sistemon?": "Na pewno wyłączyć?"
,"Malŝaltita": "Wyłączony"
,"Ĉu vere restartigi ?": "Na pewno zrestartować?"
,"La sistemo rekomencis!": "System został zrestartowany!"
,"Bonvolu apliki unue la modifitajn agordojn!": "Najpierw potwierdź modyfikację ustawień!"
,"Neniu fotilo por forigi!": "Brak kamery do usunięcia!"
,"Ĉu forigi kameraon ": "Usuń kamerę "
,"motionEye estas ĝisdatigita (aktuala versio: ": "motionEye jest aktualne (aktualna wersja: "
,"Nova versio havebla: ": "Dostępna jest nowa wersja: "
,". Ĝisdatigi?": ". Zaktualizować?"
,"motionEye estis sukcese ĝisdatigita!": "motionEye zostało pomyślnie zaktualizowane!"
,"Ĝisdatigo malsukcesis!": "Aktualizacja nieudana!"
,"La ĝisdatiga procezo malsukcesis!": "Proces aktualizacji nie powiódł się!"
,"Rezerva dosiero": "Plik kopii zapasowej"
,"La rezervan dosieron, kiun vi antaŭe elŝutis.": "Plik kopii zapasowej, który wcześniej pobrałeś."
,"Restaŭrigi Agordon": "Przywróć konfigurację"
,"Restaŭriganta agordon ...": "Przywracanie konfiguracji..."
,"La agordo restaŭrigis!": "Konfiguracja została przywrócona!"
,"Malsukcesis restaŭri la agordon!": "Nie udało się przywrócić konfiguracji!"
,"Aliri la alŝutan servon malsukcesis: ": "Dostęp do usługi przesyłania nie powiódł się: "
,"Aliri la alŝutan servon sukcesis!": "Uzyskanie dostępu do usługi przesyłania powiodło się!"
,"Sciiga retpoŝto fiaskis:": "Nie udało się wysłać e-maila z powiadomieniem:"
,"Certiĝu, ke ĉiuj agordaj opcioj estas validaj!": "Upewnij się, że wszystkie opcje konfiguracji są prawidłowe!"
,"Sciiga Telegramo fiaskis:": "Nie udało się wysłać wiadomości Telegram z powiadomieniem:"
,"Sciiga Telegramo sukcesis!": "Powiadomienie Telegram powiodło się!"
,"Aliro al retdividado fiaskis: ": "Dostęp do udziału sieciowego nie powiódł się: "
,"Aliro al retdividado sukcesis!": "Uzyskanie dostępu do udziału sieciowego powiodło się!"
,"Ĉu vere forigi ĉi tiun dosieron?": "Na pewno usunąć ten plik?"
,"Ĉu vere forigi ĉiujn bildojn de \"%(group)s\"?": "Na pewno usunąć wszystkie zdjęcia z grupy \"%(group)s\"?"
,"Ĉu vere forigi ĉiujn filmojn de \"%(group)s\"?": "Na pewno usunąć wszystkie filmy z \"%(group)s\"?"
,"Ĉu vere forigi ĉiujn ne grupigitajn bildojn?": "Czy na pewno usunąć wszystkie niezgrupowane zdjęcia?"
,"Ĉu vere forigi ĉiujn ne grupigitajn filmojn?": "Czy na pewno usunąć wszystkie niezgrupowane filmy?"
,"aldonadi kameraon...": "dodaj kamerę..."
,"Uzantnomo": "Użytkownik"
,"Pasvorto": "Hasło"
,"Memoru min": "Zapamiętaj mnie"
,"Ensaluti": "Login"
,"Nuligi": "Anuluj"
,"Vi abortis la filmeton.": "Przerwałeś odtwarzanie wideo."
,"Reto eraro okazis.": "Wystąpił błąd sieciowy."
,"Malkodado-eraro aŭ neprogresinta funkcio.": "Błąd dekodowania multimediów lub nieobsługiwane funkcje multimediów."
,"Formato ne subtenata aŭ neatingebla/netaŭga por ludado.": "Format nieobsługiwany lub niedostępny/nieodpowiedni do odtwarzania."
,"Nekonata eraro okazis.": "Wystąpił nieznany błąd."
,"Eraro : ": "Błąd: "
,"antaŭa bildo": "poprzednie zdjęcie"
,"ludi": "odtwórz"
,"ludi * 5 kaj enĉenigi": "Odtwarzaj 5 razy szybciej"
,"sekva bildo": "następne zdjęcie"
,"Fermi": "Zamknij"
,"Elŝuti": "Pobierz"
,"Forigi": "Usuń"
,"Kamerao tipo": "Typ kamery"
,"Loka V4L2-kamerao": "Lokalna kamera V4L2"
,"Loka MMAL-kamerao": "Lokalna kamera MMAL"
,"Reta kamerao": "Kamera sieciowa"
,"Fora motionEye kamerao": "Zdalna kamera motionEye"
,"Simpla MJPEG-kamerao": "Prosta kamera MJPEG"
,"la speco de kamerao, kiun vi volas aldoni": "typ kamery, którą chcesz dodać"
,"URL": "URL"
,"http://ekzemplo.com:8765/cams/...": "http://example.com:8765/cams/..."
,"la kameraa URL (ekz. http://ekzemplo.com:8080/cam/)": "adres URL kamery (np. http://example.com:8080/cam/)"
,"uzantnomo...": "username ..."
,"la uzantnomo por la URL, se bezonata (ekz. administranto)": "nazwa użytkownika dla adresu URL, jeśli to konieczne (np. admin)"
,"pasvorto...": "hasło..."
,"la pasvorto por la URL, se bezonata": "hasło do adresu URL, jeśli to konieczne"
,"Kamerao": "Kamera"
,"la kameraon, kiun vi volas aldoni": "kamerę, którą chcesz dodać"
,"Fora motionEye kamerao estas kameraoj instalitaj malantaŭ alia servilo de MotionEye. Aldonante ilin ĉi tie permesos vin rigardi kaj administri ilin de malproksime.": "Zdalne kamery motionEye to kamery zainstalowane za innym serwerem motionEye. Dodanie ich tutaj umożliwi Ci zdalne przeglądanie i zarządzanie nimi."
,"Retaj kameraoj (aŭ IP-kameraoj) estas aparatoj, kiuj denaske fluas RTSP/RTMP aŭ MJPEG-filmetojn aŭ simplajn JPEG-bildojn. Konsultu la manlibron de via aparato por ekscii la ĝustan URL RTSP, RTMP, MJPEG aŭ JPEG.": "Kamery sieciowe (lub kamery IP) to urządzenia, które natywnie przesyłają strumieniowo wideo RTSP/RTMP lub MJPEG lub zwykłe obrazy JPEG. Zapoznaj się z instrukcją obsługi urządzenia, aby znaleźć prawidłowy adres URL RTSP, RTMP, MJPEG lub JPEG."
,"Lokaj MMAL-kameraoj estas aparatoj konektitaj rekte al via motionEye-sistemo. Ĉi tiuj estas kutime kart-specifaj kameraoj.": "Lokalne kamery MMAL to urządzenia podłączone bezpośrednio do systemu motionEye. Są to zwykle kamery dedykowane do konkretnych płyt SBC."
,"Aldonante vian aparaton kiel simplan MJPEG-kameraon anstataŭ kiel retan kameraon plibonigos la fotografaĵon, sed neniu moviĝo-detekto, bilda kaptado aŭ registrado de filmoj estos disponebla por ĝi. La kamerao devas esti alirebla por via servilo kaj via retumilo. Ĉi tiu tipo de kamerao ne kongruas kun Internet Explorer.": "Dodanie urządzenia jako zwykłej kamery MJPEG zamiast jako kamery sieciowej poprawi liczbę klatek na sekundę, ale nie będzie dla niego dostępne wykrywanie ruchu, robienie zdjęć ani nagrywanie filmów. Kamera musi być dostępna zarówno dla serwera, jak i przeglądarki. Ten typ kamery nie jest zgodny z Internet Explorerem."
,"Lokaj V4L2-kameraoj estas kameraaj aparatoj konektitaj rekte al via motionEye-sistemo, kutime per USB.": "Lokalne kamery V4L2 to kamery, które są podłączone bezpośrednio do systemu motionEye, zwykle przez USB."
,"Aldonadi kameraon...": "Dodaj kamerę..."
,"Grupo": "Grupa"
,"Inkluzivi foton prenitan ĉiun": "Dołącz zdjęcie zrobione co"
,"sekundo": "sekundę"
,"5 sekundoj": "5 sekund"
,"10 sekundoj": "10 sekund"
,"30 sekundoj": "30 sekund"
,"minuto": "minutę"
,"5 minutoj": "5 minut"
,"10 minutoj": "10 minut"
,"30 minutoj": "30 minut"
,"horo": "godzinę"
,"Elektu la intervalon de tempo inter du elektitaj bildoj.": "wybierz odstęp czasu między dwoma wybranymi zdjęciami."
,"Filmo framfrekvenco": "Liczba klatek na sekundę filmu"
,"Elektu kiom rapide vi volas ke la akselita video estu.": "wybierz szybkość odtwarzania poklatkowego."
,"Konsiderante la grandan nombron da bildoj, krei vian video povus daŭri iom da tempo!": "Biorąc pod uwagę dużą liczbę zdjęć, utworzenie filmu poklatkowego może chwilę potrwać!"
,"Krei akselita video": "Utwórz film poklatkowy"
,"Filmo kreanta en progreso...": "Tworzenie filmu poklatkowego..."
,"Zipitaj": "Spakowana"
,"Akselita video": "Film poklatkowy"
,"Forigi ĉiujn": "Usuń wszystko"
,"Bildoj prenitaj de ": "Zdjęcia wykonane przez "
,"Filmoj registritaj de ": "Filmy nagrane przez "
,"montru ĉi tiun fotilon plenekranan": "Pokaż tę kamerę na pełnym ekranie"
,"montri ĉiujn fotilojn": "pokaż wszystkie kamery"
,"montru nur ĉi tiun fotilon": "pokaż tylko tą kamerę"
,"malfermaj bildoj retumilo": "otwórz przeglądarkę zdjęć"
,"malferma videoj retumilo": "otwórz przeglądarkę filmów"
,"agordi ĉi tiun kameraon": "skonfiguruj tą kamerę"
,"preni instantaron": "zrób zdjęcie"
,"Vi ankoraŭ ne agordis iun kameraon. Alklaku ĉi tie por aldoni unu ...": "Nie skonfigurowałeś jeszcze żadnej kamery. Kliknij tutaj, aby jedną dodać..."
,"enigu pozitivan nombron": "wprowadź liczbę dodatnią"
,"enigu pozitivan entjeran nombron": "wprowadź dodatnią liczbę całkowitą"
,"enigu nombron": "wprowadź numer"
,"enigu entjeran nombron": "wprowadź liczbę całkowitą"
," inter ": " pomiędzy "
," kaj ": " i "
," pli ol ": " więcej niż "
," malpli ol ": " mniej niż "
,"enigu validan tempon en la sekva formato: HH:MM": "wprowadź prawidłowy czas w następującym formacie: GG:MM"
,"enigu validan URL (ekz. http://ekzemplo.com:8080/cams/)": "wprowadź prawidłowy adres URL (np. http://example.com:8080/cams/)"
,"fermi": "zamknij"
,"Ne": "Nie"
,"Jes": "Tak"
,"Bone": "OK"
,"Auto Exposure": "Ekspozycja auto"
,"Backlight Compensation": "Kompensacja podświetlenia"
,"Brightness": "Jasność"
,"Contrast": "Kontrast"
,"Exposure Absolute": "Ekspozycja bezwzględna"
,"Exposure Auto": "Automatyczna ekspozycja"
,"Exposure Auto Priority": "Automatyczny priorytet ekspozycji"
,"Exposure Time Absolute": "Bezwzględny czas ekspozycji"
,"Focus Absolute": "Ostrość bezwzględna"
,"Focus Auto": "Automatyczna ostrość"
,"Gain": "Wzmocnienie"
,"Gamma": "Gamma"
,"Hue": "Odcień"
,"Led1 Mode": "Tryb Led1"
,"Led1 Frequency": "Częstotliwość Led1"
,"Pan Absolute": "Panorama bezwzględna"
,"Power Line Frequency": "Częstotliwość linii energetycznej"
,"Saturation": "Nasycenie"
,"Sharpness": "Ostrość"
,"Tilt Absolute": "Nachylenie bezwzględne"
,"White Balance Temperature": "Temperatura barwowa balansu bieli"
,"White Balance Temperature Auto": "Automatyczna temperatura barwowa balansu bieli"
,"Zoom Absolute": "Zbliżenie bezwzględne"
}
