{"":{"language":"bn","plural-forms":"nplurals=2; plural=(n > 1);"}
,"specialaj signoj ne rajtas en pasvorto": "পাসওয়ার্ডে বিশেষ অক্ষর অনুমোদিত নয়"
,"Ĉi tiu kampo estas deviga": "এই ক্ষেত্রটি প্রয়োজনীয়"
,"specialaj signoj ne rajtas en la nomo de kamerao": "বিশেষ অক্ষর ক্যামেরার নামে অনুমোদিত নয়"
,"valoro devas esti multoblo de 8": "মানটি 8 এর একাধিক হতে হবে"
,"specialaj signoj ne rajtas en radika voja nomo": "মূল পাথের নামে বিশেষ অক্ষর অনুমোদিত নয়"
,"dosieroj ne povas esti kreitaj rekte en la radiko de via sistemo": "আপনার সিস্টেমে সরাসরি ফাইলগুলি তৈরি করা যায় না"
,"enigu validan retpoŝtadreson": "একটি বৈধ ইমেল ঠিকানা লিখুন"
,"enigu liston de koma apartaj validaj retpoŝtadresoj": "কমা-বিচ্ছিন্ন বৈধ ইমেল ঠিকানাগুলির একটি তালিকা প্রবেশ করান"
,"specialaj signoj ne rajtas en dosiernomo": "ফাইলের অক্ষরে বিশেষ অক্ষর অনুমোদিত নয়"
,"enigu validan valoron": "একটি বৈধ মান লিখুন"
,"Ĉi rekursie forigos ĉiujn dosierojn ĉeestantajn en la nuba dosierujo \"": "এটি পুনরাবৃত্তভাবে মেঘ ফোল্ডারের সমস্ত ফাইল মুছে ফেলবে \""
,"\", ne nur tiuj alŝutitaj de motionEye!": "\", মোশনই দ্বারা আপলোড করা কেবল এটিই নয়!"
,"Ĉi rekursie forigos ĉiujn malnovajn amaskomunikilajn dosierojn en la dosierujo \"": "এটি পুনরাবৃত্তভাবে ফোল্ডারে থাকা সমস্ত পুরানো মিডিয়া ফাইলগুলি মুছে ফেলবে \""
,"\", ne nur tiuj kreitaj de motionEye!": "\", মোশনই দ্বারা নির্মিত কেবল এটিই নয়!"
,"Ne eblas redakti la maskon sen valida kameraa bildo!": "কোনও বৈধ ক্যামেরা চিত্র ছাড়া মাস্কটি সম্পাদনা করতে পারবেন না!"
,"Propra": "প্রথা"
,"Propra dosierindiko": "কাস্টম ফাইলের নাম"
,"Retan kunlokon": "অনলাইন যোগাযোগ"
,"Via retumilo ne efektivigas ĉi tiun funkcion!": "আপনার ব্রাউজার এই বৈশিষ্ট্য বহন করে না!"
,"Apliki": "প্রয়োগ করা"
,"Certigu, ke ĉiuj agordaj opcioj validas!": "সমস্ত কনফিগারেশন বিকল্প বৈধ কিনা তা নিশ্চিত করুন!"
,"Ĉi tio rekomencos la sistemon. Daŭrigi?": "এটি সিস্টেম পুনরায় আরম্ভ করবে। চালিয়ে যেতে চান?"
,"Vere fermiti sistemon?": "সত্যিই কি সিস্টেম বন্ধ?"
,"Malŝaltita": "অক্ষম"
,"Ĉu vere restartigi ?": "সত্যিই আবার চালু হবে?"
,"La sistemo rekomencis!": "সিস্টেমটি আবার চালু!"
,"Bonvolu apliki unue la modifitajn agordojn!": "প্রথমে পরিবর্তিত সেটিংস প্রয়োগ করুন!"
,"Neniu fotilo por forigi!": "অপসারণের জন্য ক্যামেরা নেই!"
,"Ĉu forigi kameraon ": "ক্যামেরা সরাতে পারে"
,"motionEye estas ĝisdatigita (aktuala versio: ": "মোশনই আপডেট হয়েছে (বর্তমান সংস্করণ:"
,"Nova versio havebla: ": "নতুন সংস্করণ উপলব্ধ:"
,". Ĝisdatigi?": "। আপডেট করবেন?"
,"motionEye estis sukcese ĝisdatigita!": "মোশনই সফলভাবে আপডেট হয়েছে!"
,"Ĝisdatigo malsukcesis!": "আপডেট ব্যর্থ!"
,"La ĝisdatiga procezo malsukcesis!": "আপগ্রেড প্রক্রিয়া ব্যর্থ!"
,"Rezerva dosiero": "ব্যাকআপ ফাইল"
,"La rezervan dosieron, kiun vi antaŭe elŝutis.": "আপনি আগে ডাউনলোড করেছেন ব্যাকআপ ফাইল।"
,"Restaŭrigi Agordon": "কনফিগারেশন পুনরুদ্ধার"
,"Restaŭriganta agordon ...": "কনফিগারেশন পুনরুদ্ধার করা হচ্ছে ..."
,"La agordo restaŭrigis!": "কনফিগারেশন পুনরুদ্ধার করা হয়েছে!"
,"Malsukcesis restaŭri la agordon!": "কনফিগারেশন পুনরুদ্ধার করতে ব্যর্থ!"
,"Aliri la alŝutan servon malsukcesis: ": "আপলোড পরিষেবা অ্যাক্সেস ব্যর্থ হয়েছে:"
,"Aliri la alŝutan servon sukcesis!": "আপলোড পরিষেবাটি অ্যাক্সেস করা সফল হয়েছিল!"
,"Sciiga retpoŝto fiaskis:": "সংবাদ ইমেইল ব্যর্থ হয়েছে:"
,"Certiĝu, ke ĉiuj agordaj opcioj estas validaj!": "সমস্ত কনফিগারেশন বিকল্প বৈধ কিনা তা নিশ্চিত করুন!"
,"Sciiga Telegramo fiaskis:": "বিজ্ঞপ্তি টেলিগ্রাম ব্যর্থ হয়েছে:"
,"Sciiga Telegramo sukcesis!": "বিজ্ঞপ্তি টেলিগ্রাম সফল ছিল!"
,"Aliro al retdividado fiaskis: ": "নেটওয়ার্ক ট্রান্সমিশন অ্যাক্সেস ব্যর্থ হয়েছে:"
,"Aliro al retdividado sukcesis!": "Retardation অ্যাক্সেস সফল হয়েছে!"
,"Ĉu vere forigi ĉi tiun dosieron?": "সত্যিই এই ফাইলটি মুছবেন?"
,"Ĉu vere forigi ĉiujn bildojn de \"%(group)s\"?": "সত্যিই \"%(group)s% (গ্রুপ) গুলি\" থেকে সমস্ত চিত্র মুছবেন?"
,"Ĉu vere forigi ĉiujn filmojn de \"%(group)s\"?": "সত্যিই \"%(group)s% (গ্রুপ) গুলি\" থেকে সমস্ত চলচ্চিত্র মুছবেন?"
,"Ĉu vere forigi ĉiujn ne grupigitajn bildojn?": "সত্যিই সমস্ত গ্রুপহীন ছবি মুছবেন?"
,"Ĉu vere forigi ĉiujn ne grupigitajn filmojn?": "সত্যিই সমস্ত গ্রুপমুক্ত মুভি মুছবেন?"
,"aldonadi kameraon...": "ক্যামেরা যুক্ত করুন ..."
,"Uzantnomo": "ব্যবহারকারীর নাম"
,"Pasvorto": "পাসওয়ার্ড"
,"Memoru min": "আমাকে মনে আছে"
,"Ensaluti": "লগ ইন"
,"Nuligi": "বাতিল"
,"Vi abortis la filmeton.": "আপনি ভিডিওটি বাতিল করে দিয়েছেন।"
,"Reto eraro okazis.": "নেটওয়ার্ক ত্রুটি ঘটেছে।"
,"Malkodado-eraro aŭ neprogresinta funkcio.": "ডিকোডিং ত্রুটি বা ননপ্রজেক্টযুক্ত ফাংশন।"
,"Formato ne subtenata aŭ neatingebla/netaŭga por ludado.": "ফর্ম্যাটটি সমর্থিত নয় বা অ্যাক্সেস অযোগ্য / প্লেব্যাকের জন্য অনুপযুক্ত।"
,"Nekonata eraro okazis.": "একটি অজানা ত্রুটি ঘটেছে।"
,"Eraro : ": "ত্রুটি:"
,"antaŭa bildo": "পূর্ববর্তী চিত্র"
,"ludi": "খেলতে"
,"ludi * 5 kaj enĉenigi": "* 5 এবং চেইন খেলুন"
,"sekva bildo": "পরবর্তী চিত্র"
,"Fermi": "ঘনিষ্ঠ"
,"Elŝuti": "ডাউনলোড"
,"Forigi": "অপসারণ"
,"Kamerao tipo": "ক্যামেরার ধরণ"
,"Loka V4L2-kamerao": "স্থানীয় ভি 4 এল 2 ক্যামেরা"
,"Loka MMAL-kamerao": "স্থানীয় এমএমএল ক্যামেরা"
,"Reta kamerao": "নেটওয়ার্ক ক্যামেরা"
,"Fora motionEye kamerao": "বাইরের মোশনই ক্যামেরা"
,"Simpla MJPEG-kamerao": "সাধারণ এমজেপিইজি ক্যামেরা"
,"la speco de kamerao, kiun vi volas aldoni": "আপনি যে ধরণের ক্যামেরা যুক্ত করতে চান"
,"URL": "URL টি"
,"http://ekzemplo.com:8765/cams/...": "http: //example.com: 8765 / ক্যাম / ..."
,"la kameraa URL (ekz. http://ekzemplo.com:8080/cam/)": "ক্যামেরা ইউআরএল (উদাঃ http://example.com:8080/cam/)"
,"uzantnomo...": "ব্যবহারকারীর নাম ..."
,"la uzantnomo por la URL, se bezonata (ekz. administranto)": "ইউআরএলটির জন্য ব্যবহারকারীর নাম, যদি প্রয়োজন হয় (যেমন অ্যাডমিন)"
,"pasvorto...": "পাসওয়ার্ড ..."
,"la pasvorto por la URL, se bezonata": "ইউআরএল জন্য পাসওয়ার্ড, প্রয়োজন হলে"
,"Kamerao": "ক্যামেরা"
,"la kameraon, kiun vi volas aldoni": "আপনি যে ক্যামেরাটি যুক্ত করতে চান"
,"Fora motionEye kamerao estas kameraoj instalitaj malantaŭ alia servilo de MotionEye. Aldonante ilin ĉi tie permesos vin rigardi kaj administri ilin de malproksime.": "একটি রিমোট মোশনই ক্যামেরা হল অন্য একটি মোশনই সার্ভারের পিছনে থাকা একটি ক্যামেরা। এগুলিকে এখানে যুক্ত করা আপনাকে এগুলি দূর থেকে দেখার এবং পরিচালনা করার অনুমতি দেবে।"
,"Retaj kameraoj (aŭ IP-kameraoj) estas aparatoj, kiuj denaske fluas RTSP/RTMP aŭ MJPEG-filmetojn aŭ simplajn JPEG-bildojn. Konsultu la manlibron de via aparato por ekscii la ĝustan URL RTSP, RTMP, MJPEG aŭ JPEG.": "নেটওয়ার্ক ক্যামেরা (বা আইপি ক্যামেরা) এমন ডিভাইস যা স্থানীয়ভাবে আরটিএসপি / আরটিএমপি বা এমজেপিইজি ভিডিও বা সাধারণ জেপিইজি চিত্রগুলি স্ট্রিম করে। সঠিক আরটিএসপি, আরটিএমপি, এমজেপিইগ বা জেপিজি ইউআরএল খুঁজে পেতে আপনার ডিভাইসের ম্যানুয়ালটির পরামর্শ নিন।"
,"Lokaj MMAL-kameraoj estas aparatoj konektitaj rekte al via motionEye-sistemo. Ĉi tiuj estas kutime kart-specifaj kameraoj.": "স্থানীয় এমএমএএল ক্যামেরা হ'ল এমন ডিভাইস যা আপনার মোশনই সিস্টেমের সাথে সরাসরি সংযুক্ত থাকে। এগুলি সাধারণত কার্ড-নির্দিষ্ট ক্যামেরা।"
,"Aldonante vian aparaton kiel simplan MJPEG-kameraon anstataŭ kiel retan kameraon plibonigos la fotografaĵon, sed neniu moviĝo-detekto, bilda kaptado aŭ registrado de filmoj estos disponebla por ĝi. La kamerao devas esti alirebla por via servilo kaj via retumilo. Ĉi tiu tipo de kamerao ne kongruas kun Internet Explorer.": "ওয়েব ক্যামেরার পরিবর্তে আপনার ডিভাইসটিকে একটি সাধারণ এমজেপিইজি ক্যামেরা হিসাবে যুক্ত করা ফটোগ্রাফির উন্নতি করবে, তবে কোনও গতি সনাক্তকরণ, চিত্র ক্যাপচার বা সিনেমা রেকর্ডিং উপলভ্য হবে না। ক্যামেরাটি অবশ্যই আপনার সার্ভার এবং আপনার ব্রাউজারে অ্যাক্সেসযোগ্য। এই ধরণের ক্যামেরাটি ইন্টারনেট এক্সপ্লোরারের সাথে মেলে না।"
,"Lokaj V4L2-kameraoj estas kameraaj aparatoj konektitaj rekte al via motionEye-sistemo, kutime per USB.": "স্থানীয় ভি 4 এল 2 ক্যামেরা হ'ল সাধারণত ইউএসবির মাধ্যমে আপনার মোশনই সিস্টেমের সাথে সংযুক্ত ক্যামেরা ডিভাইস।"
,"Aldonadi kameraon...": "ক্যামেরা যুক্ত করুন ..."
,"Grupo": "গ্রুপ"
,"Inkluzivi foton prenitan ĉiun": "প্রতিটি তোলা একটি ছবি অন্তর্ভুক্ত করুন"
,"sekundo": "দ্বিতীয়"
,"5 sekundoj": "5 সেকেন্ড"
,"10 sekundoj": "10 সেকেন্ড"
,"30 sekundoj": "30 সেকেন্ড"
,"minuto": "মিনিট"
,"5 minutoj": "5 মিনিট"
,"10 minutoj": "10 মিনিট"
,"30 minutoj": "30 মিনিট"
,"horo": "এক ঘন্টা"
,"Elektu la intervalon de tempo inter du elektitaj bildoj.": "দুটি নির্বাচিত চিত্রের মধ্যে সময়ের ব্যবধানটি নির্বাচন করুন।"
,"Filmo framfrekvenco": "চলচ্চিত্রের ফ্রেম রেট"
,"Elektu kiom rapide vi volas ke la akselita video estu.": "আপনি গতিযুক্ত ভিডিওটি কত দ্রুত হতে চান তা চয়ন করুন।"
,"Konsiderante la grandan nombron da bildoj, krei vian video povus daŭri iom da tempo!": "প্রচুর সংখ্যক চিত্র বিবেচনা করে, আপনার নিজস্ব ভিডিও তৈরি করতে কিছুটা সময় লাগতে পারে!"
,"Krei akselita video": "একটি ত্বকযুক্ত ভিডিও তৈরি করুন"
,"Filmo kreanta en progreso...": "একটি চলচ্চিত্র চলছে ..."
,"Zipitaj": "Zipitaj"
,"Akselita video": "ত্বরণযুক্ত ভিডিও"
,"Forigi ĉiujn": "তাদের সব সরান"
,"Bildoj prenitaj de ": "ছবি তোলা"
,"Filmoj registritaj de ": "দ্বারা রেকর্ড করা ফিল্ম"
,"montru ĉi tiun fotilon plenekranan": "এই ক্যামেরা পূর্ণ সময় প্রদর্শন করুন"
,"montri ĉiujn fotilojn": "সব ক্যামেরা দেখান"
,"montru nur ĉi tiun fotilon": "শুধু এই ক্যামেরা দেখান"
,"malfermaj bildoj retumilo": "চিত্র ব্রাউজার খুলুন"
,"malferma videoj retumilo": "ভিডিও ব্রাউজার খুলুন"
,"agordi ĉi tiun kameraon": "এই ক্যামেরা সেট করুন"
,"preni instantaron": "একটি স্ন্যাপশট নিতে"
,"Vi ankoraŭ ne agordis iun kameraon. Alklaku ĉi tie por aldoni unu ...": "আপনি এখনো কোন ক্যামেরা কনফিগার করেন নি। এক যোগ করার জন্য এখানে ক্লিক করুন ..."
,"enigu pozitivan nombron": "একটি ধনাত্মক সংখ্যা লিখুন"
,"enigu pozitivan entjeran nombron": "ধনাত্মক পূর্ণসংখ্যা প্রবেশ করান"
,"enigu nombron": "একটি নম্বর লিখুন"
,"enigu entjeran nombron": "একটি পূর্ণসংখ্যা প্রবেশ করান"
," inter ": "এর মধ্যে"
," kaj ": "এবং"
," pli ol ": "এর চেয়েও বেশি"
," malpli ol ": "এর চেয়ে কম"
,"enigu validan tempon en la sekva formato: HH:MM": "নিম্নলিখিত বিন্যাসে বৈধ সময় প্রবেশ করুন: এইচএইচ: এমএম"
,"enigu validan URL (ekz. http://ekzemplo.com:8080/cams/)": "একটি বৈধ URL লিখুন (উদাঃ http://example.com:8080/cams/)"
,"fermi": "বন্ধ করা"
,"Ne": "না"
,"Jes": "হাঁ"
,"Bone": "ভাল"
,"Auto Exposure": "অটো এক্সপোজার"
,"Backlight Compensation": "ব্যাকলাইট ক্ষতিপূরণ"
,"Brightness": "উজ্জ্বলতা"
,"Contrast": "বিপরীতে"
,"Exposure Absolute": "একেবারে এক্সপোজার"
,"Exposure Auto": "এক্সপোজার অটো"
,"Exposure Auto Priority": "এক্সপোজার অটো অগ্রাধিকার"
,"Exposure Time Absolute": "এক্সপোজার সময় একেবারে"
,"Focus Absolute": "একেবারে ফোকাস"
,"Focus Auto": "ফোকাস অটো"
,"Gain": "লাভ করা"
,"Gamma": "গামা"
,"Hue": "হিউ"
,"Led1 Mode": "LED1 মোড"
,"Led1 Frequency": "এলইডি 1 ফ্রিকোয়েন্সি"
,"Pan Absolute": "একেবারে প্যান"
,"Power Line Frequency": "পাওয়ার লাইন ফ্রিকোয়েন্সি"
,"Saturation": "স্যাচুরেশন"
,"Sharpness": "তীক্ষ্ণতা"
,"Tilt Absolute": "একেবারে কাত"
,"White Balance Temperature": "সাদা ভারসাম্য তাপমাত্রা"
,"White Balance Temperature Auto": "সাদা ভারসাম্য তাপমাত্রা অটো"
,"Zoom Absolute": "একেবারে জুম"
}
