{"":{"language":"de","plural-forms":"nplurals=2; plural=(n > 1);"}
,"specialaj signoj ne rajtas en pasvorto": "Das Passwort darf keine Sonderzeichen enthalten"
,"Ĉi tiu kampo estas deviga": "Dieses Feld ist erforderlich"
,"specialaj signoj ne rajtas en la nomo de kamerao": "Der Kameraname darf keine Sonderzeichen enthalten"
,"valoro devas esti multoblo de 8": "Wert muss ein Vielfaches von 8 sein"
,"specialaj signoj ne rajtas en radika voja nomo": "Der Verzeichnisname darf keine Sonderzeichen enthalten"
,"dosieroj ne povas esti kreitaj rekte en la radiko de via sistemo": "Dateien können nicht direkt im Stammverzeichnis Ihres Systems erstellt werden"
,"enigu validan retpoŝtadreson": "Geben Sie eine gültige E-Mail-Adresse ein"
,"enigu liston de koma apartaj validaj retpoŝtadresoj": "Geben Sie eine Liste der durch Kommas getrennten gültigen E-Mail-Adressen ein"
,"specialaj signoj ne rajtas en dosiernomo": "Der Dateiname darf keine Sonderzeichen enthalten"
,"enigu validan valoron": "Geben Sie einen gültigen Wert ein"
,"Ĉi rekursie forigos ĉiujn dosierojn ĉeestantajn en la nuba dosierujo \"": "Das Entfernen löscht alle Dateien im Cloud-Ordner. \""
,"\", ne nur tiuj alŝutitaj de motionEye!": "\", nicht nur die von motionEye hochgeladenen!"
,"Ĉi rekursie forigos ĉiujn malnovajn amaskomunikilajn dosierojn en la dosierujo \"": "Dadurch werden alle alten Mediendateiein im Ordner gelöscht \""
,"\", ne nur tiuj kreitaj de motionEye!": "\", nicht nur die von motionEye erstellten!"
,"Ne eblas redakti la maskon sen valida kameraa bildo!": "Die Maske kann ohne gültiges Kamerabild nicht bearbeitet werden!"
,"Propra": "Benutzerdefiniert"
,"Propra dosierindiko": "Benutzerdefinierter Dateipfad"
,"Retan kunlokon": "Netzwerkfreigabe"
,"Via retumilo ne efektivigas ĉi tiun funkcion!": "Ihr Browser kann diese Funktion nicht ausführen!"
,"Apliki": "Anwenden"
,"Certigu, ke ĉiuj agordaj opcioj validas!": "Stellen Sie sicher, dass alle Konfigurationsoptionen gültig sind!"
,"Ĉi tio rekomencos la sistemon. Daŭrigi?": "Dadurch wird das System neu gestartet. Fortfahren?"
,"Vere fermiti sistemon?": "System wirklich herunterfahren?"
,"Malŝaltita": "Ausgeschaltet"
,"Ĉu vere restartigi ?": "Wirklich neu starten?"
,"La sistemo rekomencis!": "Das System wurde neu gestartet!"
,"Bonvolu apliki unue la modifitajn agordojn!": "Bitte übernehmen Sie zuerst die geänderten Einstellungen!"
,"Neniu fotilo por forigi!": "Keine Kamera zum Entfernen vorhanden!"
,"Ĉu forigi kameraon ": "Entfernt die Kamera "
,"motionEye estas ĝisdatigita (aktuala versio: ": "motionEye ist auf dem aktuellsten Stand (aktuelle Version: "
,"Nova versio havebla: ": "Neue Version verfügbar: "
,". Ĝisdatigi?": ". Aktualisieren?"
,"motionEye estis sukcese ĝisdatigita!": "motionEye wurde erfolgreich aktualisiert!"
,"Ĝisdatigo malsukcesis!": "Aktualisierung fehlgeschlagen!"
,"La ĝisdatiga procezo malsukcesis!": "Der Update-Vorgang ist fehlgeschlagen!"
,"Rezerva dosiero": "Sicherungsdatei"
,"La rezervan dosieron, kiun vi antaŭe elŝutis.": "Die zuvor heruntergeladene Sicherungsdatei."
,"Restaŭrigi Agordon": "Konfiguration wiederherstellen"
,"Restaŭriganta agordon ...": "Konfiguration wird wiederhergestellt ..."
,"La agordo restaŭrigis!": "Die Konfiguration wurde wiederhergestellt!"
,"Malsukcesis restaŭri la agordon!": "Die Konfiguration konnte nicht wiederhergestellt werden!"
,"Aliri la alŝutan servon malsukcesis: ": "Der Zugriff auf den Upload-Dienst ist fehlgeschlagen: "
,"Aliri la alŝutan servon sukcesis!": "Der Zugriff auf den Upload-Dienst war erfolgreich!"
,"Sciiga retpoŝto fiaskis:": "Das Senden der E-Mail ist fehlgeschlagen:"
,"Certiĝu, ke ĉiuj agordaj opcioj estas validaj!": "Stellen Sie sicher, dass alle Konfigurationsoptionen gültig sind!"
,"Sciiga Telegramo fiaskis:": "Das Senden der Benachrichtigung ist fehlgeschlagen:"
,"Sciiga Telegramo sukcesis!": "Das Senden der Benachrichtigung war erfolgreich!"
,"Aliro al retdividado fiaskis: ": "Zugriff auf Netzwerkfreigabe fehlgeschlagen: "
,"Aliro al retdividado sukcesis!": "Zugriff auf Webfreigabe erfolgreich!"
,"Ĉu vere forigi ĉi tiun dosieron?": "Diese Datei wirklich löschen?"
,"Ĉu vere forigi ĉiujn bildojn de \"%(group)s\"?": "Wollen Sie wirklich alle Bilder aus \"%(group)s\" löschen?"
,"Ĉu vere forigi ĉiujn filmojn de \"%(group)s\"?": "Wollen Sie wirklich alle Videos aus \"%(group)s\" löschen?"
,"Ĉu vere forigi ĉiujn ne grupigitajn bildojn?": "Wollen Sie wirklich alle nicht gruppierten Bilder löschen?"
,"Ĉu vere forigi ĉiujn ne grupigitajn filmojn?": "Wollen Sie wirklich alle nicht gruppierten Videos löschen?"
,"aldonadi kameraon...": "Kamera hinzufügen ..."
,"Uzantnomo": "Benutzername"
,"Pasvorto": "Passwort"
,"Memoru min": "Bitte merken"
,"Ensaluti": "Melden Sie sich an"
,"Nuligi": "Abbrechen"
,"Vi abortis la filmeton.": "Das Video wurde abgebrochen."
,"Reto eraro okazis.": "Ein Netzwerkfehler ist aufgetreten."
,"Malkodado-eraro aŭ neprogresinta funkcio.": "Dekodierungsfehler oder nicht spezifizierte Funktion."
,"Formato ne subtenata aŭ neatingebla/netaŭga por ludado.": "Format nicht unterstützt oder für die Wiedergabe ungeeignet."
,"Nekonata eraro okazis.": "Es ist ein unbekannter Fehler aufgetreten."
,"Eraro : ": "Fehler: "
,"antaŭa bildo": "vorheriges Bild"
,"ludi": "Abspielen"
,"ludi * 5 kaj enĉenigi": "Abspielen in 5-facher Geschwindigkeit"
,"sekva bildo": "nächstes Bild"
,"Fermi": "Schließen"
,"Elŝuti": "Herunterladen"
,"Forigi": "Entfernen"
,"Kamerao tipo": "Kameratyp"
,"Loka V4L2-kamerao": "Lokale V4L2-Kamera"
,"Loka MMAL-kamerao": "Lokale MMAL-Kamera"
,"Reta kamerao": "Netzwerkkamera"
,"Fora motionEye kamerao": "Externe motionEye Kamera"
,"Simpla MJPEG-kamerao": "Einfache MJPEG-Kamera"
,"la speco de kamerao, kiun vi volas aldoni": "der Kameratyp, den Sie hinzufügen möchten"
,"URL": "URL"
,"http://ekzemplo.com:8765/cams/...": "http://beispiel.com:8765/cams/..."
,"la kameraa URL (ekz. http://ekzemplo.com:8080/cam/)": "die Kamera-URL (z. B. http://beispiel.com:8080/cam/)"
,"uzantnomo...": "Benutzername ..."
,"la uzantnomo por la URL, se bezonata (ekz. administranto)": "bei Bedarf den Benutzernamen für die URL (z.B. admin)"
,"pasvorto...": "Passwort ..."
,"la pasvorto por la URL, se bezonata": "das Passwort für die URL, falls erforderlich"
,"Kamerao": "Kamera"
,"la kameraon, kiun vi volas aldoni": "die Kamera, die Sie hinzufügen möchten"
,"Fora motionEye kamerao estas kameraoj instalitaj malantaŭ alia servilo de MotionEye. Aldonante ilin ĉi tie permesos vin rigardi kaj administri ilin de malproksime.": "Eine Remote-MotionEye-Kamera ist eine Kamera, die auf einem anderen MotionEye-Server installiert ist. Wenn Sie sie hier hinzufügen, können Sie diese aus der Ferne betrachten und verwalten."
,"Retaj kameraoj (aŭ IP-kameraoj) estas aparatoj, kiuj denaske fluas RTSP/RTMP aŭ MJPEG-filmetojn aŭ simplajn JPEG-bildojn. Konsultu la manlibron de via aparato por ekscii la ĝustan URL RTSP, RTMP, MJPEG aŭ JPEG.": "Netzwerkkameras (oder IP-Kameras) sind Geräte, die RTSP / RTMP- oder MJPEG-Videos oder einfache JPEG-Bilder nativ streamen. Informationen zur richtigen RTSP-, RTMP-, MJPEG- oder JPEG-URL finden Sie im Handbuch Ihres Geräts."
,"Lokaj MMAL-kameraoj estas aparatoj konektitaj rekte al via motionEye-sistemo. Ĉi tiuj estas kutime kart-specifaj kameraoj.": "Lokale MMAL-Kameras sind Geräte, die direkt an Ihr motionEye-System angeschlossen sind. Dies sind normalerweise kartenspezifische Kameras."
,"Aldonante vian aparaton kiel simplan MJPEG-kameraon anstataŭ kiel retan kameraon plibonigos la fotografaĵon, sed neniu moviĝo-detekto, bilda kaptado aŭ registrado de filmoj estos disponebla por ĝi. La kamerao devas esti alirebla por via servilo kaj via retumilo. Ĉi tiu tipo de kamerao ne kongruas kun Internet Explorer.": "Wenn Sie Ihr Gerät als einfache MJPEG-Kamera anstelle einer Webkamera hinzufügen, wird die Fotografie verbessert, es sind jedoch keine Bewegungserkennung, Bilderfassung oder Filmaufzeichnung verfügbar. Die Kamera muss für Ihren Server und Ihren Browser zugänglich sein. Dieser Kameratyp passt nicht zum Internet Explorer."
,"Lokaj V4L2-kameraoj estas kameraaj aparatoj konektitaj rekte al via motionEye-sistemo, kutime per USB.": "Lokale V4L2-Kameras sind Kamerageräte, die normalerweise über USB direkt an Ihr motionEye-System angeschlossen sind."
,"Aldonadi kameraon...": "Kamera hinzufügen ..."
,"Grupo": "Gruppe"
,"Inkluzivi foton prenitan ĉiun": "Inkludiere ein Foto alle"
,"sekundo": "1 Sekunde"
,"5 sekundoj": "5 Sekunden"
,"10 sekundoj": "10 Sekunden"
,"30 sekundoj": "30 Sekunden"
,"minuto": "Minute"
,"5 minutoj": "5 Minuten"
,"10 minutoj": "10 Minuten"
,"30 minutoj": "30 Minuten"
,"horo": "Stunde"
,"Elektu la intervalon de tempo inter du elektitaj bildoj.": "Wählen Sie das Zeitintervall zwischen zwei ausgewählten Bildern."
,"Filmo framfrekvenco": "Videobildrate"
,"Elektu kiom rapide vi volas ke la akselita video estu.": "Wählen Sie aus, wie schnell der Zeitraffer wiedergegeben werden soll."
,"Konsiderante la grandan nombron da bildoj, krei vian video povus daŭri iom da tempo!": "Angesichts der großen Anzahl von Bildern kann das Erstellen Ihres Videos einige Zeit dauern!"
,"Krei akselita video": "Timelapse erstellen"
,"Filmo kreanta en progreso...": "Video in Bearbeitung ..."
,"Zipitaj": "Gezippt"
,"Akselita video": "Zeitraffer"
,"Forigi ĉiujn": "Alles entfernen"
,"Bildoj prenitaj de ": "Bilder von "
,"Filmoj registritaj de ": "Videos aufgenommen von "
,"montru ĉi tiun fotilon plenekranan": "Diese Kamera im Vollbildmodus anzeigen"
,"montri ĉiujn fotilojn": "Alle Kameras anzeigen"
,"montru nur ĉi tiun fotilon": "Nur diese Kamera anzeigen"
,"malfermaj bildoj retumilo": "Fotos öffnen"
,"malferma videoj retumilo": "Videos öffnen"
,"agordi ĉi tiun kameraon": "Kamerareinstellungen"
,"preni instantaron": "Foto erstellen"
,"Vi ankoraŭ ne agordis iun kameraon. Alklaku ĉi tie por aldoni unu ...": "Sie haben noch keine Kamera konfiguriert. Klicken Sie hier, um eine ..."
,"enigu pozitivan nombron": "Geben Sie eine positive Zahl ein"
,"enigu pozitivan entjeran nombron": "Geben Sie eine positive Ganzzahl ein"
,"enigu nombron": "Geben Sie eine Zahl ein"
,"enigu entjeran nombron": "Geben Sie eine Ganzzahl ein"
," inter ": " zwischen "
," kaj ": " und "
," pli ol ": " größer als "
," malpli ol ": " kleiner als "
,"enigu validan tempon en la sekva formato: HH:MM": "Geben Sie die gültige Zeit im folgenden Format ein: HH:MM"
,"enigu validan URL (ekz. http://ekzemplo.com:8080/cams/)": "Geben Sie eine gültige URL ein (z. B. http://beispiel.com:8080/cams/)"
,"fermi": "schließen"
,"Ne": "Nein"
,"Jes": "Ja"
,"Bone": "Okay"
,"Auto Exposure": "Automatische Belichtung"
,"Backlight Compensation": "Gegenlichtkompensation"
,"Brightness": "Helligkeit"
,"Contrast": "Kontrast"
,"Exposure Absolute": "Absolute Belichtung"
,"Exposure Auto": "Belichtungsautomatik"
,"Exposure Auto Priority": "Automatische Belichtungspriorität"
,"Exposure Time Absolute": "Absolute Belichtungszeit"
,"Focus Absolute": "Absoluter Fokus"
,"Focus Auto": "Autofokus"
,"Gain": "Verstärkung"
,"Gamma": "Gamma"
,"Hue": "Farbton"
,"Led1 Mode": "LED1-Modus"
,"Led1 Frequency": "LED1-Frequenz"
,"Pan Absolute": "Absolute Schwenkposition"
,"Power Line Frequency": "Netzfrequenz"
,"Saturation": "Sättigung"
,"Sharpness": "Schärfe"
,"Tilt Absolute": "Absolute Neigung"
,"White Balance Temperature": "Weißabgleich Farbtemperatur"
,"White Balance Temperature Auto": "Automatischer Weißabgleich"
,"Zoom Absolute": "Absoluter Zoom"
}
