{"":{"language":"tr","plural-forms":"nplurals=2; plural=(n > 1);"}
,"specialaj signoj ne rajtas en pasvorto": "şifrede özel karakterlere izin verilmez"
,"Ĉi tiu kampo estas deviga": "Bu alan zorunludur"
,"specialaj signoj ne rajtas en la nomo de kamerao": "kamera adı için özel karakterlere izin verilmez"
,"valoro devas esti multoblo de 8": "değer 8'in katı olmalıdır"
,"specialaj signoj ne rajtas en radika voja nomo": "kök yol adına özel işaretlere izin verilmez"
,"dosieroj ne povas esti kreitaj rekte en la radiko de via sistemo": "dosyalar doğrudan sisteminizin kök dizininde oluşturulamaz"
,"enigu validan retpoŝtadreson": "geçerli bir e-posta adresi girin"
,"enigu liston de koma apartaj validaj retpoŝtadresoj": "koma'nın ayrı geçerli e-posta adreslerinin bir listesini girin"
,"specialaj signoj ne rajtas en dosiernomo": "dosya adında özel karakterlere izin verilmez"
,"enigu validan valoron": "geçerli değeri girin"
,"Ĉi rekursie forigos ĉiujn dosierojn ĉeestantajn en la nuba dosierujo \"": "Bu, bulut klasöründe bulunan tüm dosyaları yinelemeli olarak silecektir"
,"\", ne nur tiuj alŝutitaj de motionEye!": "\", sadece motionEye tarafından yüklenenler değil!"
,"Ĉi rekursie forigos ĉiujn malnovajn amaskomunikilajn dosierojn en la dosierujo \"": "Bu, klasördeki tüm eski medya dosyalarını yinelemeli olarak silecektir \""
,"\", ne nur tiuj kreitaj de motionEye!": "\", sadece motionEye tarafından yaratılanlar değil!"
,"Ne eblas redakti la maskon sen valida kameraa bildo!": "Geçerli bir kamera görüntüsü olmadan maskeyi düzenlemek mümkün değildir!"
,"Propra": "Özel"
,"Propra dosierindiko": "Özel dosya göstergesi"
,"Retan kunlokon": "Ağ ortak konumu"
,"Via retumilo ne efektivigas ĉi tiun funkcion!": "Tarayıcınız bu işlevi uygulamıyor!"
,"Apliki": "Uygula"
,"Certigu, ke ĉiuj agordaj opcioj validas!": "Tüm yapılandırma seçeneklerinin geçerli olduğundan emin olun!"
,"Ĉi tio rekomencos la sistemon. Daŭrigi?": "Bu, sistemi yeniden başlatır. Devam mı?"
,"Vere fermiti sistemon?": "Gerçekten sistemi kapansın mı?"
,"Malŝaltita": "Engelli"
,"Ĉu vere restartigi ?": "Gerçekten bir yeniden başlatılsın mı?"
,"La sistemo rekomencis!": "Sistem yeniden başlatıldı!"
,"Bonvolu apliki unue la modifitajn agordojn!": "Lütfen önce değiştirilen ayarları uygulayın!"
,"Neniu fotilo por forigi!": "Silinecek kamera yok!"
,"Ĉu forigi kameraon ": "Kamerayı sil "
,"motionEye estas ĝisdatigita (aktuala versio: ": "motionEye güncellendi (güncel sürüm: "
,"Nova versio havebla: ": "Yeni sürüm mevcut: "
,". Ĝisdatigi?": ". Güncelleme ?"
,"motionEye estis sukcese ĝisdatigita!": "motionEye başarıyla güncellendi!"
,"Ĝisdatigo malsukcesis!": "Güncelleme başarısız oldu!"
,"La ĝisdatiga procezo malsukcesis!": "Güncelleme işlemi başarısız oldu!"
,"Rezerva dosiero": "Yedek dosya"
,"La rezervan dosieron, kiun vi antaŭe elŝutis.": "Daha önce indirdiğiniz yedekleme dosyası."
,"Restaŭrigi Agordon": "Yapılandırmayı Geri Yükle"
,"Restaŭriganta agordon ...": "Yapılandırma geri yükleniyor..."
,"La agordo restaŭrigis!": "Ayar geri yüklendi!"
,"Malsukcesis restaŭri la agordon!": "Yapılandırma geri yüklenemedi!"
,"Aliri la alŝutan servon malsukcesis: ": "Yükleme hizmetine erişim başarısız oldu: "
,"Aliri la alŝutan servon sukcesis!": "Yükleme hizmetine erişim başarılı oldu!"
,"Sciiga retpoŝto fiaskis:": "Bildirim e-postası başarısız oldu:"
,"Certiĝu, ke ĉiuj agordaj opcioj estas validaj!": "Tüm yapılandırma seçeneklerinin, geçerli olduğundan emin olun!"
,"Sciiga Telegramo fiaskis:": "Telegram Bildirimi başarısız oldu:"
,"Sciiga Telegramo sukcesis!": "Telegram Bildirimi başarılı oldu!"
,"Aliro al retdividado fiaskis: ": "Ağ paylaşımına erişim başarısız oldu: "
,"Aliro al retdividado sukcesis!": "Ağ paylaşımına erişim başarılı!"
,"Ĉu vere forigi ĉi tiun dosieron?": "Bu dosyayı gerçekten silmek istiyor musunuz?"
,"Ĉu vere forigi ĉiujn bildojn de \"%(group)s\"?": "\"%(group)s\" grubundaki tüm görseller gerçekten silinsin mi?"
,"Ĉu vere forigi ĉiujn filmojn de \"%(group)s\"?": "\"%(group)s\" grubundaki tüm filmler gerçekten silinsin mi?"
,"Ĉu vere forigi ĉiujn ne grupigitajn bildojn?": "Gruplandırılmamış tüm görseller gerçekten silinsin mi?"
,"Ĉu vere forigi ĉiujn ne grupigitajn filmojn?": "Gruplandırılmamış tüm filmler gerçekten silinsin mi?"
,"aldonadi kameraon...": "Kamera Ekle..."
,"Uzantnomo": "Kullanıcı Adı"
,"Pasvorto": "Şifre"
,"Memoru min": "Beni hatırla"
,"Ensaluti": "Giriş"
,"Nuligi": "İptal"
,"Vi abortis la filmeton.": "Videoyu iptal ettiniz."
,"Reto eraro okazis.": "Bir ağ hatası oluştu."
,"Malkodado-eraro aŭ neprogresinta funkcio.": "Kod çözme hatası veya eksik işlev."
,"Formato ne subtenata aŭ neatingebla/netaŭga por ludado.": "Format desteklenmiyor veya kullanılamıyor/oynatmak için uygun değil."
,"Nekonata eraro okazis.": "Bilinmeyen bir hata oluştu."
,"Eraro : ": "Hata : "
,"antaŭa bildo": "önceki resim"
,"ludi": "oynat"
,"ludi * 5 kaj enĉenigi": "*5 oyna ve zincir çek"
,"sekva bildo": "sonraki resim"
,"Fermi": "Kapat"
,"Elŝuti": "İndir"
,"Forigi": "Kaldır"
,"Kamerao tipo": "Kamera Tipi"
,"Loka V4L2-kamerao": "Yerel V4L2 kamera"
,"Loka MMAL-kamerao": "Yerel MMAL kamera"
,"Reta kamerao": "Web kamerası"
,"Fora motionEye kamerao": "Uzaktan motionEye kamerası"
,"Simpla MJPEG-kamerao": "Basit bir MJPEG kamera"
,"la speco de kamerao, kiun vi volas aldoni": "eklemek istediğiniz kamera türü"
,"URL": "URL"
,"http://ekzemplo.com:8765/cams/...": "http://ornek.com:8765/cams/..."
,"la kameraa URL (ekz. http://ekzemplo.com:8080/cam/)": "kamera URL'si (örneğin, http://ornek.com:8080/cam/)"
,"uzantnomo...": "Kullanıcı adı..."
,"la uzantnomo por la URL, se bezonata (ekz. administranto)": "gerekli, URL'nin kullanıcı adı (örn. admin)"
,"pasvorto...": "şifre..."
,"la pasvorto por la URL, se bezonata": "gerekli, URL'nin şifresi"
,"Kamerao": "Kamera"
,"la kameraon, kiun vi volas aldoni": "eklemek istediğiniz kamera"
,"Fora motionEye kamerao estas kameraoj instalitaj malantaŭ alia servilo de MotionEye. Aldonante ilin ĉi tie permesos vin rigardi kaj administri ilin de malproksime.": "Remote motionEye kameraları, başka bir MotionEye sunucusunun arkasına kurulan kameralardır. Bunları buraya eklemek, onları uzaktan görüntülemenize ve yönetmenize olanak tanır."
,"Retaj kameraoj (aŭ IP-kameraoj) estas aparatoj, kiuj denaske fluas RTSP/RTMP aŭ MJPEG-filmetojn aŭ simplajn JPEG-bildojn. Konsultu la manlibron de via aparato por ekscii la ĝustan URL RTSP, RTMP, MJPEG aŭ JPEG.": "Ağ kameraları (veya IP kameraları), RTSP/RTMP veya MJPEG videolarını veya düz JPEG görüntülerini yerel olarak yayınlayan cihazlardır. Doğru RTSP, RTMP, MJPEG veya JPEG URL'sini bulmak için cihazınızın kılavuzuna bakın."
,"Lokaj MMAL-kameraoj estas aparatoj konektitaj rekte al via motionEye-sistemo. Ĉi tiuj estas kutime kart-specifaj kameraoj.": "Yerel MMAL kameralar doğrudan motionEye sisteminize bağlı cihazlardır. Bunlar genellikle karta özel kameralardır."
,"Aldonante vian aparaton kiel simplan MJPEG-kameraon anstataŭ kiel retan kameraon plibonigos la fotografaĵon, sed neniu moviĝo-detekto, bilda kaptado aŭ registrado de filmoj estos disponebla por ĝi. La kamerao devas esti alirebla por via servilo kaj via retumilo. Ĉi tiu tipo de kamerao ne kongruas kun Internet Explorer.": "Cihazınızı web kamerası yerine basit bir MJPEG kamera olarak eklemek, fotoğrafçılığı iyileştirecektir ancak hareket algılama, görüntü yakalama veya film kaydı mümkün olmayacaktır. Kameranın sunucunuz ve tarayıcınız tarafından erişilebilir olması gerekir. Bu kamera türü Internet Explorer ile uyumlu değildir."
,"Lokaj V4L2-kameraoj estas kameraaj aparatoj konektitaj rekte al via motionEye-sistemo, kutime per USB.": "Yerel V4L2 kameralar, genellikle USB aracılığıyla motionEye sisteminize doğrudan bağlanan kamera cihazlarıdır."
,"Aldonadi kameraon...": "Bir kamera ekleyin..."
,"Grupo": "Grup"
,"Inkluzivi foton prenitan ĉiun": "Her birinin çekilmiş bir fotoğrafını ekleyin"
,"sekundo": "bir saniye"
,"5 sekundoj": "5 saniye"
,"10 sekundoj": "10 saniye"
,"30 sekundoj": "30 saniye"
,"minuto": "Bir dakika"
,"5 minutoj": "5 dakika"
,"10 minutoj": "10 dakika"
,"30 minutoj": "30 dakika"
,"horo": "saat"
,"Elektu la intervalon de tempo inter du elektitaj bildoj.": "Seçilen iki görüntü arasındaki zaman aralığını seçin."
,"Filmo framfrekvenco": "Film kare hızı"
,"Elektu kiom rapide vi volas ke la akselita video estu.": "Sıkıştırılmış videonun ne kadar hızlı olmasını istediğinizi seçin."
,"Konsiderante la grandan nombron da bildoj, krei vian video povus daŭri iom da tempo!": "Çok sayıda görsel göz önüne alındığında, videonuzu oluşturmak biraz zaman alabilir!"
,"Krei akselita video": "Animasyonlu bir video oluşturun"
,"Filmo kreanta en progreso...": "Film yapımı sürüyor…"
,"Zipitaj": "sıkıştırılmış"
,"Akselita video": "Hızlandırılmış video"
,"Forigi ĉiujn": "Hepsini sil"
,"Bildoj prenitaj de ": "Resimler şuradan alınmıştır: "
,"Filmoj registritaj de ": "tarafından kaydedilen filmler, "
,"montru ĉi tiun fotilon plenekranan": "bu kamerayı tam ekran göster"
,"montri ĉiujn fotilojn": "tüm kameraları göster"
,"montru nur ĉi tiun fotilon": "yalnızca bu kamerayı göster"
,"malfermaj bildoj retumilo": "resim tarayıcısını aç"
,"malferma videoj retumilo": "video tarayıcısını aç"
,"agordi ĉi tiun kameraon": "bu kamerayı yapılandır"
,"preni instantaron": "örnek al"
,"Vi ankoraŭ ne agordis iun kameraon. Alklaku ĉi tie por aldoni unu ...": "Henüz herhangi bir kamerayı yapılandırmadınız. Eklemek için buraya tıklayın..."
,"enigu pozitivan nombron": "pozitif bir sayı girin"
,"enigu pozitivan entjeran nombron": "pozitif bir tam sayı girin"
,"enigu nombron": "bir sayı girin"
,"enigu entjeran nombron": "bir tam sayı girin"
," inter ": " arasında "
," kaj ": " ve "
," pli ol ": " bundan fazla "
," malpli ol ": " daha az "
,"enigu validan tempon en la sekva formato: HH:MM": "şu formatta geçerli bir zaman girin: SS:DD"
,"enigu validan URL (ekz. http://ekzemplo.com:8080/cams/)": "geçerli bir URL girin (ör. http://ornek.com:8080/cams/)"
,"fermi": "kapat"
,"Ne": "Hayır"
,"Jes": "Evet"
,"Bone": "Tamam."
,"Auto Exposure": "Otomatik Pozlama"
,"Backlight Compensation": "Arka Işık Telafisi"
,"Brightness": "Parlaklık"
,"Contrast": "Kontrast"
,"Exposure Absolute": "Mutlak Pozlama"
,"Exposure Auto": "Otomatik-Pozlama"
,"Exposure Auto Priority": "Pozlama Otomatik Önceliği"
,"Exposure Time Absolute": "Mutlak Maruz Kalma Süresi"
,"Focus Absolute": "Odak Kesinliği"
,"Focus Auto": "Oto Fokus"
,"Gain": "Kazanç"
,"Gamma": "Gama"
,"Hue": "Hue."
,"Led1 Mode": "Led1 Modu"
,"Led1 Frequency": "Led1 Frekansı"
,"Pan Absolute": "Mutlak Pan"
,"Power Line Frequency": "Güç Hattı Frekansı"
,"Saturation": "Doyum"
,"Sharpness": "Keskinlik"
,"Tilt Absolute": "Kesinlik Eğilimi"
,"White Balance Temperature": "Beyaz Dengesi Sıcaklığı"
,"White Balance Temperature Auto": "Otomatik Beyaz Dengesi Sıcaklığı"
,"Zoom Absolute": "Yakınlaştırma Eğilimi"
}
