{"":{"language":"ro","plural-forms":"nplurals=2; plural=(n > 1);"}
,"specialaj signoj ne rajtas en pasvorto": "nu sunt permise caractere speciale pentru parolă"
,"Ĉi tiu kampo estas deviga": "Acest câmp este obligatoriu"
,"specialaj signoj ne rajtas en la nomo de kamerao": "nu sunt permise caractere speciale pentru numele camerei"
,"valoro devas esti multoblo de 8": "valoarea trebuie să fie un multiplu de 8"
,"specialaj signoj ne rajtas en radika voja nomo": "nu sunt permise caractere speciale pentru numele căilor root"
,"dosieroj ne povas esti kreitaj rekte en la radiko de via sistemo": "fișierele nu pot fi create direct la root pentru sistemul dumneavoastră"
,"enigu validan retpoŝtadreson": "introduceți o adresă de email validă"
,"enigu liston de koma apartaj validaj retpoŝtadresoj": "introduceți o listă de adrese de e-mail valide, separate prin virgulă"
,"specialaj signoj ne rajtas en dosiernomo": "nu sunt permise caracterele speciale pentru numele fișierului"
,"enigu validan valoron": "introduceți o valoare validă"
,"Ĉi rekursie forigos ĉiujn dosierojn ĉeestantajn en la nuba dosierujo \"": "Aceasta va șterge recursiv toate fișierele din directorul cloud \""
,"\", ne nur tiuj alŝutitaj de motionEye!": "\", nu doar cele încărcate de motionEye!"
,"Ĉi rekursie forigos ĉiujn malnovajn amaskomunikilajn dosierojn en la dosierujo \"": "Aceasta va șterge recursiv toate fișierele media vechi din directorul \""
,"\", ne nur tiuj kreitaj de motionEye!": "\", nu doar cele create de motionEye!"
,"Ne eblas redakti la maskon sen valida kameraa bildo!": "Masca nu poate fi editată fără o imagine validă a camerei!"
,"Propra": "Personalizat"
,"Propra dosierindiko": "Cale personalizată"
,"Retan kunlokon": "Partajare în rețea"
,"Via retumilo ne efektivigas ĉi tiun funkcion!": "Browserul dumneavoastră nu implementează această funcție!"
,"Apliki": "Aplică"
,"Certigu, ke ĉiuj agordaj opcioj validas!": "Asigurați-vă că toate opțiunile de configurare sunt valide!"
,"Ĉi tio rekomencos la sistemon. Daŭrigi?": "Aceasta va reporni sistemul. Continuare?"
,"Vere fermiti sistemon?": "Chiar doriți să opriți sistemul?"
,"Malŝaltita": "Oprit"
,"Ĉu vere restartigi ?": "Chiar doriți să reporniți?"
,"La sistemo rekomencis!": "Sistemul a fost repornit!"
,"Bonvolu apliki unue la modifitajn agordojn!": "Vă rugăm să aplicați mai întâi setările modificate!"
,"Neniu fotilo por forigi!": "Nicio cameră de eliminat!"
,"Ĉu forigi kameraon ": "Eliminați camera "
,"motionEye estas ĝisdatigita (aktuala versio: ": "motionEye este actualizat (versiunea curentă: "
,"Nova versio havebla: ": "Versiune nouă disponibilă: "
,". Ĝisdatigi?": ". Actualizați?"
,"motionEye estis sukcese ĝisdatigita!": "motionEye a fost actualizat cu succes!"
,"Ĝisdatigo malsukcesis!": "Actualizarea a eșuat!"
,"La ĝisdatiga procezo malsukcesis!": "Procesul de actualizare a eșuat!"
,"Rezerva dosiero": "Fișierul de configurare"
,"La rezervan dosieron, kiun vi antaŭe elŝutis.": "fișierul de configurare descărcat anterior."
,"Restaŭrigi Agordon": "Restaurați configurația"
,"Restaŭriganta agordon ...": "Se restabilește configurația..."
,"La agordo restaŭrigis!": "Configurația a fost restabilită!"
,"Malsukcesis restaŭri la agordon!": "Restaurarea configurației a eșuat!"
,"Aliri la alŝutan servon malsukcesis: ": "Accesul la serviciul de încărcare a eșuat: "
,"Aliri la alŝutan servon sukcesis!": "Serviciul de încărcare a fost accesat cu succes!"
,"Sciiga retpoŝto fiaskis:": "E-mailul de notificare a eșuat:"
,"Certiĝu, ke ĉiuj agordaj opcioj estas validaj!": "Asigurați-vă că toate opțiunile de configurare sunt valide!"
,"Sciiga Telegramo fiaskis:": "Notificarea Telegram a eșuat:"
,"Sciiga Telegramo sukcesis!": "Notificarea Telegram a avut succes!"
,"Aliro al retdividado fiaskis: ": "Accesul la partajarea rețelei a eșuat: "
,"Aliro al retdividado sukcesis!": "Accesul la partajarea de rețea a avut succes!"
,"Ĉu vere forigi ĉi tiun dosieron?": "Chiar doriți să ștergeți acest fișier?"
,"Ĉu vere forigi ĉiujn bildojn de \"%(group)s\"?": "Chiar doriți să ștergeți toate imaginile din „(grup)uri %”?"
,"Ĉu vere forigi ĉiujn filmojn de \"%(group)s\"?": "Chiar doriți să ștergeți toate videoclipurile din „(grup)uri %”?"
,"Ĉu vere forigi ĉiujn ne grupigitajn bildojn?": "Chiar doriți să ștergeți toate imaginile negrupate?"
,"Ĉu vere forigi ĉiujn ne grupigitajn filmojn?": "Chiar doriți să ștergeți toate videoclipurile negrupate?"
,"aldonadi kameraon...": "adaugă o cameră..."
,"Uzantnomo": "Nume de utilizator"
,"Pasvorto": "Parola"
,"Memoru min": "Ține-mă minte"
,"Ensaluti": "Autentificare"
,"Nuligi": "Renunțare"
,"Vi abortis la filmeton.": "Ai renunțat la videoclip."
,"Reto eraro okazis.": "A apărut o eroare de rețea."
,"Malkodado-eraro aŭ neprogresinta funkcio.": "Eroare de decodare sau funcție neacceptată."
,"Formato ne subtenata aŭ neatingebla/netaŭga por ludado.": "Format neacceptat sau inaccesibil/nepotrivit pentru redare."
,"Nekonata eraro okazis.": "A apărut o eroare necunoscută."
,"Eraro : ": "Eroare: "
,"antaŭa bildo": "imaginea anterioară"
,"ludi": "Redă"
,"ludi * 5 kaj enĉenigi": "Redă x5 în șir"
,"sekva bildo": "imaginea următoare"
,"Fermi": "Închide"
,"Elŝuti": "Descarcă"
,"Forigi": "Șterge"
,"Kamerao tipo": "Tipul camerei"
,"Loka V4L2-kamerao": "Cameră locală V4L2"
,"Loka MMAL-kamerao": "Cameră locală MMAL"
,"Reta kamerao": "Cameră de rețea"
,"Fora motionEye kamerao": "Cameră motionEye la distanță"
,"Simpla MJPEG-kamerao": "Cameră MJPEG simplă"
,"la speco de kamerao, kiun vi volas aldoni": "Tipul camerei pe care doriți s-o adăugați."
,"URL": "URL"
,"http://ekzemplo.com:8765/cams/...": "http://exemplu.com:8765 /cams/..."
,"la kameraa URL (ekz. http://ekzemplo.com:8080/cam/)": "adresa URL a camerei (ex. http://examplu.com:8080/cam/)"
,"uzantnomo...": "nume de utilizator ..."
,"la uzantnomo por la URL, se bezonata (ekz. administranto)": "Numele de utilizator pentru adresa URL, dacă este necesar (ex. admin)."
,"pasvorto...": "parola ..."
,"la pasvorto por la URL, se bezonata": "Parola pentru adresa URL, dacă este necesară."
,"Kamerao": "Cameră"
,"la kameraon, kiun vi volas aldoni": "Camera pe care doriți să o adăugați."
,"Fora motionEye kamerao estas kameraoj instalitaj malantaŭ alia servilo de MotionEye. Aldonante ilin ĉi tie permesos vin rigardi kaj administri ilin de malproksime.": "Camerele motionEye la distanță sunt camere instalate în spatele altui server MotionEye. Adăugarea acestora aici vă va permite să le vizualizați și să le gestionați de la distanță."
,"Retaj kameraoj (aŭ IP-kameraoj) estas aparatoj, kiuj denaske fluas RTSP/RTMP aŭ MJPEG-filmetojn aŭ simplajn JPEG-bildojn. Konsultu la manlibron de via aparato por ekscii la ĝustan URL RTSP, RTMP, MJPEG aŭ JPEG.": "Camerele de rețea (sau camerele IP) sunt dispozitive care transmit în mod nativ videoclipuri RTSP / RTMP sau MJPEG sau imagini JPEG simple. Verificați manualul dispozitivului pentru a afla adresa URL corectă RTSP, RTMP, MJPEG sau JPEG."
,"Lokaj MMAL-kameraoj estas aparatoj konektitaj rekte al via motionEye-sistemo. Ĉi tiuj estas kutime kart-specifaj kameraoj.": "Camerele locale MMAL sunt dispozitive conectate direct la sistemul dumneavoastră motionEye. Acestea sunt de obicei camere specifice plăcii."
,"Aldonante vian aparaton kiel simplan MJPEG-kameraon anstataŭ kiel retan kameraon plibonigos la fotografaĵon, sed neniu moviĝo-detekto, bilda kaptado aŭ registrado de filmoj estos disponebla por ĝi. La kamerao devas esti alirebla por via servilo kaj via retumilo. Ĉi tiu tipo de kamerao ne kongruas kun Internet Explorer.": "Adăugarea dispozitivului ca o simplă cameră MJPEG în loc de ca o cameră de rețea va îmbunătăți imaginea, dar nu va fi disponibilă detectarea a mișcării, captarea imaginii sau înregistrarea videoclipurilor. Camera trebuie să fie accesibilă atât pentru server, cât și pentru browser. Acest tip de cameră nu este compatibil cu Internet Explorer."
,"Lokaj V4L2-kameraoj estas kameraaj aparatoj konektitaj rekte al via motionEye-sistemo, kutime per USB.": "Camerele locale V4L2 sunt dispozitivele video conectate direct la sistemul dumneavoastră motionEye, de obicei prin USB."
,"Aldonadi kameraon...": "Adaugă o cameră..."
,"Grupo": "Grup"
,"Inkluzivi foton prenitan ĉiun": "Includeți câte o fotografie făcută la fiecare"
,"sekundo": "secundă"
,"5 sekundoj": "5 secunde"
,"10 sekundoj": "10 secunde"
,"30 sekundoj": "30 de secunde"
,"minuto": "minut"
,"5 minutoj": "5 minute"
,"10 minutoj": "10 minute"
,"30 minutoj": "30 minute"
,"horo": "oră"
,"Elektu la intervalon de tempo inter du elektitaj bildoj.": "Alegeți intervalul de timp dintre două imagini selectate."
,"Filmo framfrekvenco": "Rata de cadre a videoclipurilor"
,"Elektu kiom rapide vi volas ke la akselita video estu.": "Alegeți cât de rapid doriți să fie redat videoclipul timelapse."
,"Konsiderante la grandan nombron da bildoj, krei vian video povus daŭri iom da tempo!": "Având în vedere numărul mare de imagini, crearea videoclip-ului timelapse poate dura ceva timp!"
,"Krei akselita video": "Creați videoclip timelapse"
,"Filmo kreanta en progreso...": "Creare videoclip timelapse..."
,"Zipitaj": "Arhivat"
,"Akselita video": "Timelapse"
,"Forigi ĉiujn": "Șterge tot"
,"Bildoj prenitaj de ": "Imagini înregistrate de camera "
,"Filmoj registritaj de ": "Videoclipuri înregistrate de camera "
,"montru ĉi tiun fotilon plenekranan": "Afișează această cameră pe ecran complet"
,"montri ĉiujn fotilojn": "Afișează toate camerele"
,"montru nur ĉi tiun fotilon": "Afișează doar această cameră"
,"malfermaj bildoj retumilo": "deschide browserul de imagini"
,"malferma videoj retumilo": "deschide browserul de videoclipuri"
,"agordi ĉi tiun kameraon": "configurați această cameră"
,"preni instantaron": "efectuați o captură"
,"Vi ankoraŭ ne agordis iun kameraon. Alklaku ĉi tie por aldoni unu ...": "Nu ați configurat încă nicio cameră. Click aici pentru a adăuga una..."
,"enigu pozitivan nombron": "introduceți un număr pozitiv"
,"enigu pozitivan entjeran nombron": "introduceți un număr întreg pozitiv"
,"enigu nombron": "introduceți un număr"
,"enigu entjeran nombron": "introduceți un număr întreg"
," inter ": " între "
," kaj ": " și "
," pli ol ": " mai mare decât "
," malpli ol ": " mai mic decât "
,"enigu validan tempon en la sekva formato: HH:MM": "introduceți o oră validă în următorul format: HH:MM"
,"enigu validan URL (ekz. http://ekzemplo.com:8080/cams/)": "introduceți o adresă URL validă (ex. http://example.com:8080/cams/)"
,"fermi": "Închide"
,"Ne": "Nu"
,"Jes": "Da"
,"Bone": "OK"
,"Auto Exposure": "Expunere automată"
,"Backlight Compensation": "Compensare pentru lumina de fundal"
,"Brightness": "Luminozitate"
,"Contrast": "Contrast"
,"Exposure Absolute": "Expunere absolută"
,"Exposure Auto": "Expunere automată"
,"Exposure Auto Priority": "Prioritate automată expunere"
,"Exposure Time Absolute": "Timp de expunere absolut"
,"Focus Absolute": "Focalizare Absolută"
,"Focus Auto": "Focalizare automată"
,"Gain": "Creștere"
,"Gamma": "Gamma"
,"Hue": "Nuanță"
,"Led1 Mode": "Modul pt. Led1"
,"Led1 Frequency": "Frecvența pt. Led1"
,"Pan Absolute": "Pan absolut"
,"Power Line Frequency": "Frecvența liniei de alimentare"
,"Saturation": "Saturare"
,"Sharpness": "Asprime"
,"Tilt Absolute": "Înclinare absolută"
,"White Balance Temperature": "Temperatura balansului de alb"
,"White Balance Temperature Auto": "Temperatura balansului de alb automată"
,"Zoom Absolute": "Zoom absolut"
}
