{"":{"language":"fr","plural-forms":"nplurals=2; plural=(n > 1);"}
,"specialaj signoj ne rajtas en pasvorto": "les caractères spéciaux ne sont pas autorisés dans le mot de passe"
,"Ĉi tiu kampo estas deviga": "Ce champ est obligatoire"
,"specialaj signoj ne rajtas en la nomo de kamerao": "les caractères spéciaux ne sont pas autorisés dans le nom de la caméra"
,"valoro devas esti multoblo de 8": "la valeur doit être un multiple de 8"
,"specialaj signoj ne rajtas en radika voja nomo": "les caractères spéciaux ne sont pas autorisés dans le nom du chemin racine"
,"dosieroj ne povas esti kreitaj rekte en la radiko de via sistemo": "les fichiers ne peuvent pas être créés directement à la racine de votre système"
,"enigu validan retpoŝtadreson": "entrez une adresse e-mail valide"
,"enigu liston de koma apartaj validaj retpoŝtadresoj": "entrez une liste d'adresses e-mail valides séparées par des virgules"
,"specialaj signoj ne rajtas en dosiernomo": "les caractères spéciaux ne sont pas autorisés dans le nom de fichier"
,"enigu validan valoron": "entrez une valeur valide"
,"Ĉi rekursie forigos ĉiujn dosierojn ĉeestantajn en la nuba dosierujo \"": "Cela supprimera récursivement tous les fichiers du dossier cloud \""
,"\", ne nur tiuj alŝutitaj de motionEye!": "\", pas seulement ceux téléchargés par motionEye !"
,"Ĉi rekursie forigos ĉiujn malnovajn amaskomunikilajn dosierojn en la dosierujo \"": "Cela supprimera récursivement tous les anciens fichiers multimédias du dossier \""
,"\", ne nur tiuj kreitaj de motionEye!": "\", pas seulement ceux créés par motionEye !"
,"Ne eblas redakti la maskon sen valida kameraa bildo!": "Impossible de modifier le masque sans une image de caméra valide !"
,"Propra": "Personnalisé"
,"Propra dosierindiko": "Dossier personnalisé"
,"Retan kunlokon": "Partage réseau"
,"Via retumilo ne efektivigas ĉi tiun funkcion!": "Votre navigateur ne gère pas cette fonctionnalité !"
,"Apliki": "Appliquer"
,"Certigu, ke ĉiuj agordaj opcioj validas!": "Assurez-vous que toutes les options de configuration sont valides !"
,"Ĉi tio rekomencos la sistemon. Daŭrigi?": "Cela redémarrera le système. Continuer ?"
,"Vere fermiti sistemon?": "Vraiment arrêter le système ?"
,"Malŝaltita": "Éteint"
,"Ĉu vere restartigi ?": "Vraiment redémarrer ?"
,"La sistemo rekomencis!": "Le système a redémarré !"
,"Bonvolu apliki unue la modifitajn agordojn!": "Veuillez d'abord appliquer les paramètres modifiés !"
,"Neniu fotilo por forigi!": "Pas de caméra à retirer !"
,"Ĉu forigi kameraon ": "Retirer la caméra "
,"motionEye estas ĝisdatigita (aktuala versio: ": "motionEye est à jour (version actuelle : "
,"Nova versio havebla: ": "Nouvelle version disponible : "
,". Ĝisdatigi?": ". Mettre à jour ?"
,"motionEye estis sukcese ĝisdatigita!": "motionEye a été mis à jour avec succès !"
,"Ĝisdatigo malsukcesis!": "La mise à jour a échoué !"
,"La ĝisdatiga procezo malsukcesis!": "Le processus de mise à niveau a échoué !"
,"Rezerva dosiero": "Fichier de sauvegarde"
,"La rezervan dosieron, kiun vi antaŭe elŝutis.": "Le fichier de sauvegarde que vous avez téléchargé précédemment."
,"Restaŭrigi Agordon": "Restaurer la configuration"
,"Restaŭriganta agordon ...": "Restauration de la configuration ..."
,"La agordo restaŭrigis!": "La configuration a été restaurée !"
,"Malsukcesis restaŭri la agordon!": "Impossible de restaurer la configuration !"
,"Aliri la alŝutan servon malsukcesis: ": "Échec de l'accès au service de téléchargement : "
,"Aliri la alŝutan servon sukcesis!": "L'accès au service de téléchargement a réussi !"
,"Sciiga retpoŝto fiaskis:": "L'e-mail de notification a échoué :"
,"Certiĝu, ke ĉiuj agordaj opcioj estas validaj!": "Assurez-vous que toutes les options de configuration sont valides !"
,"Sciiga Telegramo fiaskis:": "Le «Telegrem» de notification a échoué :"
,"Sciiga Telegramo sukcesis!": "Le «Telegram» de notification a réussi !"
,"Aliro al retdividado fiaskis: ": "L'accès au partage réseau a échoué : "
,"Aliro al retdividado sukcesis!": "L'accès au partage réseau a réussi !"
,"Ĉu vere forigi ĉi tiun dosieron?": "Voulez-vous vraiment supprimer ce fichier ?"
,"Ĉu vere forigi ĉiujn bildojn de \"%(group)s\"?": "Voulez-vous vraiment supprimer toutes les images de \"%(group)s\" ?"
,"Ĉu vere forigi ĉiujn filmojn de \"%(group)s\"?": "Voulez-vous vraiment supprimer tous les films de \"%(group)s\" ?"
,"Ĉu vere forigi ĉiujn ne grupigitajn bildojn?": "Voulez-vous vraiment supprimer toutes les images non groupées ?"
,"Ĉu vere forigi ĉiujn ne grupigitajn filmojn?": "Certain de vouloir supprimer tous les films non groupés ?"
,"aldonadi kameraon...": "ajouter une caméra ..."
,"Uzantnomo": "Identifiant"
,"Pasvorto": "Mot de passe"
,"Memoru min": "Souviens toi de moi"
,"Ensaluti": "Connectez-vous"
,"Nuligi": "Annuler"
,"Vi abortis la filmeton.": "Vous avez abandonné la vidéo."
,"Reto eraro okazis.": "Une erreur réseau s'est produite."
,"Malkodado-eraro aŭ neprogresinta funkcio.": "Erreur de décodage ou fonction pas supportée."
,"Formato ne subtenata aŭ neatingebla/netaŭga por ludado.": "Format non pris en charge ou inaccessible/inadapté à la lecture."
,"Nekonata eraro okazis.": "Une erreur inconnue s'est produite."
,"Eraro : ": "Erreur : "
,"antaŭa bildo": "vue précédente"
,"ludi": "lire"
,"ludi * 5 kaj enĉenigi": "lire x5 et enchaîner"
,"sekva bildo": "vue suivante"
,"Fermi": "Fermer"
,"Elŝuti": "Télécharger"
,"Forigi": "Supprimer"
,"Kamerao tipo": "Type de caméra"
,"Loka V4L2-kamerao": "Caméra V4L2 locale"
,"Loka MMAL-kamerao": "Caméra MMAL locale"
,"Reta kamerao": "Caméra réseau"
,"Fora motionEye kamerao": "Caméra motionEye distante"
,"Simpla MJPEG-kamerao": "Caméra MJPEG simple"
,"la speco de kamerao, kiun vi volas aldoni": "le type de caméra que vous souhaitez ajouter"
,"URL": "URL"
,"http://ekzemplo.com:8765/cams/...": "http://exemple.com:8765/cams/.."
,"la kameraa URL (ekz. http://ekzemplo.com:8080/cam/)": "l'URL de la caméra (ex. http://exemple.com:8080/cam/)"
,"uzantnomo...": "nom d'utilisateur ..."
,"la uzantnomo por la URL, se bezonata (ekz. administranto)": "le nom d'utilisateur de l'URL, si nécessaire (ex. admin)"
,"pasvorto...": "mot de passe ..."
,"la pasvorto por la URL, se bezonata": "le mot de passe de l'URL, si nécessaire"
,"Kamerao": "Caméra"
,"la kameraon, kiun vi volas aldoni": "la caméra que vous souhaitez ajouter"
,"Fora motionEye kamerao estas kameraoj instalitaj malantaŭ alia servilo de MotionEye. Aldonante ilin ĉi tie permesos vin rigardi kaj administri ilin de malproksime.": "Une caméra motionEye distante est une caméra installée derrière un autre serveur MotionEye. L'ajouter ici vous permettra de la regarder et de la gérer à distance."
,"Retaj kameraoj (aŭ IP-kameraoj) estas aparatoj, kiuj denaske fluas RTSP/RTMP aŭ MJPEG-filmetojn aŭ simplajn JPEG-bildojn. Konsultu la manlibron de via aparato por ekscii la ĝustan URL RTSP, RTMP, MJPEG aŭ JPEG.": "Les caméras réseau (ou caméras IP) sont des appareils qui diffusent en mode natif des vidéos RTSP/RTMP ou MJPEG ou de simples images JPEG. Consultez le manuel de votre appareil pour connaître l'URL RTSP, RTMP, MJPEG ou JPEG correcte."
,"Lokaj MMAL-kameraoj estas aparatoj konektitaj rekte al via motionEye-sistemo. Ĉi tiuj estas kutime kart-specifaj kameraoj.": "Les caméras MMAL locales sont des appareils directement connectés à votre système motionEye. Ce sont généralement des appareils photo spécifiques à la carte-mère."
,"Aldonante vian aparaton kiel simplan MJPEG-kameraon anstataŭ kiel retan kameraon plibonigos la fotografaĵon, sed neniu moviĝo-detekto, bilda kaptado aŭ registrado de filmoj estos disponebla por ĝi. La kamerao devas esti alirebla por via servilo kaj via retumilo. Ĉi tiu tipo de kamerao ne kongruas kun Internet Explorer.": "L'ajout de votre appareil en tant que simple caméra MJPEG au lieu d'une caméra réseau améliorera la qualité d'image, mais aucune détection de mouvement, capture d'image ou enregistrement de film ne sera disponible. La caméra doit être accessible à votre serveur et à votre navigateur. Ce type de caméra est incompatible avec Internet Explorer."
,"Lokaj V4L2-kameraoj estas kameraaj aparatoj konektitaj rekte al via motionEye-sistemo, kutime per USB.": "Les caméras V4L2 locales sont des périphériques connectés directement à votre système motionEye, généralement par USB."
,"Aldonadi kameraon...": "Ajouter une caméra ..."
,"Grupo": "Groupe"
,"Inkluzivi foton prenitan ĉiun": "Inclure une photo prise chaque"
,"sekundo": "seconde"
,"5 sekundoj": "5 secondes"
,"10 sekundoj": "10 secondes"
,"30 sekundoj": "30 secondes"
,"minuto": "minute"
,"5 minutoj": "5 minutes"
,"10 minutoj": "10 minutes"
,"30 minutoj": "30 minutes"
,"horo": "heure"
,"Elektu la intervalon de tempo inter du elektitaj bildoj.": "Sélectionnez l'intervalle de temps entre deux images sélectionnées."
,"Filmo framfrekvenco": "Fréquence d'images du film"
,"Elektu kiom rapide vi volas ke la akselita video estu.": "Choisissez la vitesse à laquelle vous souhaitez que la vidéo accélérée soit."
,"Konsiderante la grandan nombron da bildoj, krei vian video povus daŭri iom da tempo!": "Compte tenu du grand nombre d'images, la création de votre vidéo peut prendre un certain temps !"
,"Krei akselita video": "Créer une vidéo accélérée"
,"Filmo kreanta en progreso...": "Création du film en cours ..."
,"Zipitaj": "Zippées"
,"Akselita video": "Vidéo accélérée"
,"Forigi ĉiujn": "Tout supprimer"
,"Bildoj prenitaj de ": "Photos prises par "
,"Filmoj registritaj de ": "Films enregistrés par "
,"montru ĉi tiun fotilon plenekranan": "Afficher cette caméra en plein écran"
,"montri ĉiujn fotilojn": "Afficher toutes les caméras"
,"montru nur ĉi tiun fotilon": "Afficher seulement cette caméra"
,"malfermaj bildoj retumilo": "ouvrir le navigateur d'images"
,"malferma videoj retumilo": "ouvrir le navigateur de vidéos"
,"agordi ĉi tiun kameraon": "régler cette caméra"
,"preni instantaron": "prendre un instantané"
,"Vi ankoraŭ ne agordis iun kameraon. Alklaku ĉi tie por aldoni unu ...": "Vous n'avez pas encore configuré de caméra. Cliquez ici pour en ajouter une ..."
,"enigu pozitivan nombron": "entrez un nombre positif"
,"enigu pozitivan entjeran nombron": "entrez un entier positif"
,"enigu nombron": "entrez un nombre"
,"enigu entjeran nombron": "entrez un entier"
," inter ": " entre "
," kaj ": " et "
," pli ol ": " supérieur à "
," malpli ol ": " inférieur à "
,"enigu validan tempon en la sekva formato: HH:MM": "entrez une heure valide au format suivant : HH:MM"
,"enigu validan URL (ekz. http://ekzemplo.com:8080/cams/)": "entrez une URL valide (par exemple http://exemple.com:8080/cams/)"
,"fermi": "fermer"
,"Ne": "Non"
,"Jes": "Oui"
,"Bone": "OK"
,"Auto Exposure": "Exposition auto"
,"Backlight Compensation": "Compensation de rétroéclairage"
,"Brightness": "Luminosité"
,"Contrast": "Contraste"
,"Exposure Absolute": "Exposition absolue"
,"Exposure Auto": "Exposition auto"
,"Exposure Auto Priority": "Priorité automatique de l'exposition"
,"Exposure Time Absolute": "Temps d'exposition absolu"
,"Focus Absolute": "Mise au point absolue"
,"Focus Auto": "Mise au point auto"
,"Gain": "Gain"
,"Gamma": "Gamma"
,"Hue": "Teinte"
,"Led1 Mode": "Mode DEL1"
,"Led1 Frequency": "Fréquence DEL1"
,"Pan Absolute": "Pan absolu"
,"Power Line Frequency": "Fréquence du réseau électrique"
,"Saturation": "Saturation"
,"Sharpness": "Acuité"
,"Tilt Absolute": "Inclinaison absolue"
,"White Balance Temperature": "Température de la balance des blancs"
,"White Balance Temperature Auto": "Température de la balance des blancs auto"
,"Zoom Absolute": "Zoom absolu"
}
