{"":{"language":"ja","plural-forms":"nplurals=2; plural=(n > 1);"}
,"specialaj signoj ne rajtas en pasvorto": "パスワードに特殊文字は使用できません"
,"Ĉi tiu kampo estas deviga": "このフィールドは必須です"
,"specialaj signoj ne rajtas en la nomo de kamerao": "カメラ名に特殊文字は使用できません"
,"valoro devas esti multoblo de 8": "値は8の倍数でなければなりません"
,"specialaj signoj ne rajtas en radika voja nomo": "ルートパス名に特殊文字は使用できません"
,"dosieroj ne povas esti kreitaj rekte en la radiko de via sistemo": "システムのルートに直接ファイルを作成することはできません"
,"enigu validan retpoŝtadreson": "有効なメールアドレスを入力してください"
,"enigu liston de koma apartaj validaj retpoŝtadresoj": "カンマ区切りの有効なメールアドレスのリストを入力してください"
,"specialaj signoj ne rajtas en dosiernomo": "ファイル名に特殊文字は使用できません"
,"enigu validan valoron": "有効な値を入力してください"
,"Ĉi rekursie forigos ĉiujn dosierojn ĉeestantajn en la nuba dosierujo \"": "これにより、クラウドフォルダ内のすべてのファイルが再帰的に削除されます \""
,"\", ne nur tiuj alŝutitaj de motionEye!": "\"、motionEyeによってアップロードされたものだけではありません！"
,"Ĉi rekursie forigos ĉiujn malnovajn amaskomunikilajn dosierojn en la dosierujo \"": "これにより、フォルダ内のすべての古いメディアファイルが再帰的に削除されます \""
,"\", ne nur tiuj kreitaj de motionEye!": "\"、motionEyeによって作成されたものだけではありません！"
,"Ne eblas redakti la maskon sen valida kameraa bildo!": "有効なカメラ画像がないとマスクを編集できません！"
,"Propra": "カスタム"
,"Propra dosierindiko": "カスタムファイル名"
,"Retan kunlokon": "オンラインコミュニケーション"
,"Via retumilo ne efektivigas ĉi tiun funkcion!": "あなたのブラウザはこの機能を実行しません！"
,"Apliki": "適用"
,"Certigu, ke ĉiuj agordaj opcioj validas!": "すべての構成オプションが有効であることを確認してください！"
,"Ĉi tio rekomencos la sistemon. Daŭrigi?": "これにより、システムが再起動します。続けますか？"
,"Vere fermiti sistemon?": "システムを本当にシャットダウンしますか？"
,"Malŝaltita": "オフ"
,"Ĉu vere restartigi ?": "本当に再起動しますか？"
,"La sistemo rekomencis!": "システムが再起動しました！"
,"Bonvolu apliki unue la modifitajn agordojn!": "最初に変更した設定を適用してください！"
,"Neniu fotilo por forigi!": "取り外すカメラはありません！"
,"Ĉu forigi kameraon ": "カメラを取り外し可能"
,"motionEye estas ĝisdatigita (aktuala versio: ": "motionEyeが更新されました（現在のバージョン："
,"Nova versio havebla: ": "利用可能な新しいバージョン："
,". Ĝisdatigi?": "。更新しますか？"
,"motionEye estis sukcese ĝisdatigita!": "motionEyeが更新されました！"
,"Ĝisdatigo malsukcesis!": "更新に失敗しました！"
,"La ĝisdatiga procezo malsukcesis!": "アップグレードプロセスは失敗しました！"
,"Rezerva dosiero": "バックアップファイル"
,"La rezervan dosieron, kiun vi antaŭe elŝutis.": "以前にダウンロードしたバックアップファイル。"
,"Restaŭrigi Agordon": "構成の復元"
,"Restaŭriganta agordon ...": "設定を復元しています..."
,"La agordo restaŭrigis!": "設定が復元されました！"
,"Malsukcesis restaŭri la agordon!": "構成の復元に失敗しました！"
,"Aliri la alŝutan servon malsukcesis: ": "アップロードサービスへのアクセスに失敗しました："
,"Aliri la alŝutan servon sukcesis!": "アップロードサービスへのアクセスに成功しました！"
,"Sciiga retpoŝto fiaskis:": "ニュース電子メールに失敗しました："
,"Certiĝu, ke ĉiuj agordaj opcioj estas validaj!": "すべての設定オプションが有効であることを確認してください。"
,"Sciiga Telegramo fiaskis:": "通知テレグラムに失敗しました。"
,"Sciiga Telegramo sukcesis!": "通知テレグラムは成功しました！"
,"Aliro al retdividado fiaskis: ": "ネットワーク送信へのアクセスに失敗しました。"
,"Aliro al retdividado sukcesis!": "遅延へのアクセスは成功しました！"
,"Ĉu vere forigi ĉi tiun dosieron?": "このファイルを本当に削除しますか？"
,"Ĉu vere forigi ĉiujn bildojn de \"%(group)s\"?": "「%(group)s（グループ）s」から本当にすべての画像を削除しますか？"
,"Ĉu vere forigi ĉiujn filmojn de \"%(group)s\"?": "「%(group)s（グループ）s」からすべての映画を本当に削除しますか？"
,"Ĉu vere forigi ĉiujn ne grupigitajn bildojn?": "グループ化されていないすべての画像を本当に削除しますか？"
,"Ĉu vere forigi ĉiujn ne grupigitajn filmojn?": "グループ化されていないすべての映画を本当に削除しますか？"
,"aldonadi kameraon...": "カメラを追加..."
,"Uzantnomo": "ユーザ名"
,"Pasvorto": "パスワード"
,"Memoru min": "覚えて"
,"Ensaluti": "ログイン"
,"Nuligi": "キャンセルする"
,"Vi abortis la filmeton.": "ビデオを中止しました。"
,"Reto eraro okazis.": "ネットワークエラーが発生しました。"
,"Malkodado-eraro aŭ neprogresinta funkcio.": "デコードエラーまたは非投影関数。"
,"Formato ne subtenata aŭ neatingebla/netaŭga por ludado.": "フォーマットがサポートされていないか、アクセスできない/再生に適していません。"
,"Nekonata eraro okazis.": "不明なエラーが発生しました。"
,"Eraro : ": "エラー："
,"antaŭa bildo": "前の画像"
,"ludi": "遊ぶ"
,"ludi * 5 kaj enĉenigi": "再生* 5とチェーン"
,"sekva bildo": "次の画像"
,"Fermi": "閉じる"
,"Elŝuti": "ダウンロードする"
,"Forigi": "取り除く"
,"Kamerao tipo": "カメラタイプ"
,"Loka V4L2-kamerao": "ローカルV4L2カメラ"
,"Loka MMAL-kamerao": "ローカルMMALカメラ"
,"Reta kamerao": "ウェブカメラ"
,"Fora motionEye kamerao": "外のモーションアイカメラ"
,"Simpla MJPEG-kamerao": "シンプルなMJPEGカメラ"
,"la speco de kamerao, kiun vi volas aldoni": "追加するカメラのタイプ"
,"URL": "URL"
,"http://ekzemplo.com:8765/cams/...": "http：//example.com：8765 / cams / ..."
,"la kameraa URL (ekz. http://ekzemplo.com:8080/cam/)": "カメラのURL（例：http://example.com:8080/cam/）"
,"uzantnomo...": "ユーザー名..."
,"la uzantnomo por la URL, se bezonata (ekz. administranto)": "必要に応じて、URLのユーザー名（例：admin）"
,"pasvorto...": "パスワード..."
,"la pasvorto por la URL, se bezonata": "必要に応じて、URLのパスワード"
,"Kamerao": "カメラ"
,"la kameraon, kiun vi volas aldoni": "追加するカメラ"
,"Fora motionEye kamerao estas kameraoj instalitaj malantaŭ alia servilo de MotionEye. Aldonante ilin ĉi tie permesos vin rigardi kaj administri ilin de malproksime.": "リモートmotionEyeカメラは、別のMotionEyeサーバーの背後に設置されたカメラです。ここに追加すると、離れた場所から監視および管理できます。"
,"Retaj kameraoj (aŭ IP-kameraoj) estas aparatoj, kiuj denaske fluas RTSP/RTMP aŭ MJPEG-filmetojn aŭ simplajn JPEG-bildojn. Konsultu la manlibron de via aparato por ekscii la ĝustan URL RTSP, RTMP, MJPEG aŭ JPEG.": "ネットワークカメラ（またはIPカメラ）は、RTSP / RTMPまたはMJPEGビデオまたは単純なJPEG画像をネイティブにストリーミングするデバイスです。デバイスのマニュアルを参照して、正しいRTSP、RTMP、MJPEG、またはJPEG URLを確認してください。"
,"Lokaj MMAL-kameraoj estas aparatoj konektitaj rekte al via motionEye-sistemo. Ĉi tiuj estas kutime kart-specifaj kameraoj.": "ローカルMMALカメラは、motionEyeシステムに直接接続されているデバイスです。これらは通常、カード固有のカメラです。"
,"Aldonante vian aparaton kiel simplan MJPEG-kameraon anstataŭ kiel retan kameraon plibonigos la fotografaĵon, sed neniu moviĝo-detekto, bilda kaptado aŭ registrado de filmoj estos disponebla por ĝi. La kamerao devas esti alirebla por via servilo kaj via retumilo. Ĉi tiu tipo de kamerao ne kongruas kun Internet Explorer.": "デバイスをWebカメラとしてではなく、単純なMJPEGカメラとして追加すると、写真が改善されますが、動きの検出、画像のキャプチャ、または動画の記録は利用できません。カメラは、サーバーとブラウザーにアクセスできる必要があります。このタイプのカメラはInternet Explorerと一致しません。"
,"Lokaj V4L2-kameraoj estas kameraaj aparatoj konektitaj rekte al via motionEye-sistemo, kutime per USB.": "ローカルV4L2カメラは、通常USBを介してモーションアイシステムに直接接続されたカメラデバイスです。"
,"Aldonadi kameraon...": "カメラを追加..."
,"Grupo": "団体"
,"Inkluzivi foton prenitan ĉiun": "それぞれ撮影した写真を含める"
,"sekundo": "秒"
,"5 sekundoj": "5秒"
,"10 sekundoj": "10秒"
,"30 sekundoj": "30秒"
,"minuto": "分"
,"5 minutoj": "5分"
,"10 minutoj": "10分"
,"30 minutoj": "30分"
,"horo": "時"
,"Elektu la intervalon de tempo inter du elektitaj bildoj.": "選択した2つの画像間の時間間隔を選択します。"
,"Filmo framfrekvenco": "映画のフレームレート"
,"Elektu kiom rapide vi volas ke la akselita video estu.": "アクセラレーションビデオの速度を選択します。"
,"Konsiderante la grandan nombron da bildoj, krei vian video povus daŭri iom da tempo!": "画像の数が多いため、動画の作成には時間がかかる場合があります。"
,"Krei akselita video": "加速したビデオを作成する"
,"Filmo kreanta en progreso...": "進行中の映画..."
,"Zipitaj": "ジッパー付き"
,"Akselita video": "加速ビデオ"
,"Forigi ĉiujn": "それらをすべて削除します"
,"Bildoj prenitaj de ": "撮影した写真"
,"Filmoj registritaj de ": "によって記録された映画"
,"montru ĉi tiun fotilon plenekranan": "このカメラをフルタイムに見せる"
,"montri ĉiujn fotilojn": "すべてのカメラを表示"
,"montru nur ĉi tiun fotilon": "このカメラだけを表示します"
,"malfermaj bildoj retumilo": "画像ブラウザを開く"
,"malferma videoj retumilo": "動画ブラウザを開く"
,"agordi ĉi tiun kameraon": "このカメラをセット"
,"preni instantaron": "スナップショットを撮る"
,"Vi ankoraŭ ne agordis iun kameraon. Alklaku ĉi tie por aldoni unu ...": "あなたはまだカメラを設定していません。 1つを追加するにはここをクリック..."
,"enigu pozitivan nombron": "正の数を入力してください"
,"enigu pozitivan entjeran nombron": "正の整数を入力してください"
,"enigu nombron": "数字を入力してください"
,"enigu entjeran nombron": "整数を入力してください"
," inter ": "間に"
," kaj ": "と"
," pli ol ": "以上"
," malpli ol ": "より少ない"
,"enigu validan tempon en la sekva formato: HH:MM": "有効な時刻を次の形式で入力してください：HH：MM"
,"enigu validan URL (ekz. http://ekzemplo.com:8080/cams/)": "有効なURLを入力してください（例：http://example.com:8080/cams/）"
,"fermi": "閉じる"
,"Ne": "いいえ"
,"Jes": "はい"
,"Bone": "よし"
,"Auto Exposure": "自動露出"
,"Backlight Compensation": "バックライト補償"
,"Brightness": "輝度"
,"Contrast": "対比"
,"Exposure Absolute": "絶対に露出"
,"Exposure Auto": "露出自動"
,"Exposure Auto Priority": "露出自動優先度"
,"Exposure Time Absolute": "絶対に露出時間"
,"Focus Absolute": "絶対に集中してください"
,"Focus Auto": "フォーカスオート"
,"Gain": "利得"
,"Gamma": "ガンマ"
,"Hue": "色相"
,"Led1 Mode": "LED1モード"
,"Led1 Frequency": "LED1周波数"
,"Pan Absolute": "絶対にパン"
,"Power Line Frequency": "電力線周波数"
,"Saturation": "飽和"
,"Sharpness": "シャープネス"
,"Tilt Absolute": "絶対に傾けます"
,"White Balance Temperature": "ホワイトバランス温度"
,"White Balance Temperature Auto": "ホワイトバランス温度自動"
,"Zoom Absolute": "絶対にズームします"
}
