{"":{"language":"hu","plural-forms":"nplurals=2; plural=(n > 1);"}
,"specialaj signoj ne rajtas en pasvorto": "speciális karakterek használata nem engedélyezett a jelszóban"
,"Ĉi tiu kampo estas deviga": "Kötelező mező"
,"specialaj signoj ne rajtas en la nomo de kamerao": "speciális karakterek használata nem engedélyezett a kamera nevében"
,"valoro devas esti multoblo de 8": "az értéknek 8 többszörösének kell lennie"
,"specialaj signoj ne rajtas en radika voja nomo": "speciális karakterek használata nem engedélyezett a gyökérkönyvtár nevében"
,"dosieroj ne povas esti kreitaj rekte en la radiko de via sistemo": "nem hozhatók létre fájlok a rendszer gyökérkönyvtárában"
,"enigu validan retpoŝtadreson": "írj be egy valós e-mail címet"
,"enigu liston de koma apartaj validaj retpoŝtadresoj": "írj be több valós e-mail címet, vesszővel elválasztva"
,"specialaj signoj ne rajtas en dosiernomo": "speciális karakterek használata nem engedélyezett a fájlnevekben"
,"enigu validan valoron": "írj be egy valós értéket"
,"Ĉi rekursie forigos ĉiujn dosierojn ĉeestantajn en la nuba dosierujo \"": "Ez a művelet minden kapcsolódó, jelenleg a felhőben tárolt fájlt el fog távolítani \""
,"\", ne nur tiuj alŝutitaj de motionEye!": "\", nem csak azokat, amiket a motionEye hozott létre, vagy töltött fel!"
,"Ĉi rekursie forigos ĉiujn malnovajn amaskomunikilajn dosierojn en la dosierujo \"": "Ez a művelet minden kapcsolódó régi fájlt el fog távolítani a mappából \""
,"\", ne nur tiuj kreitaj de motionEye!": "\", nem csak azokat, amiket a motionEye hozott létre!"
,"Ne eblas redakti la maskon sen valida kameraa bildo!": "Kamerakép nélkül nem szerkeszthető a maszk!"
,"Propra": "Egyéni"
,"Propra dosierindiko": "Egyéni útvonal"
,"Retan kunlokon": "Hálózati megosztás"
,"Via retumilo ne efektivigas ĉi tiun funkcion!": "A böngésződ nem támogatja a funkciót!"
,"Apliki": "Alkalmaz"
,"Certigu, ke ĉiuj agordaj opcioj validas!": "Győződj meg róla, hogy minden opciót rendben találsz!"
,"Ĉi tio rekomencos la sistemon. Daŭrigi?": "A rendszer újra fog indulni. Folytatod?"
,"Vere fermiti sistemon?": "Biztosan le akarod állítani?"
,"Malŝaltita": "Kikapcsolva"
,"Ĉu vere restartigi ?": "Biztosan újraindítod?"
,"La sistemo rekomencis!": "A rendszer újraindult!"
,"Bonvolu apliki unue la modifitajn agordojn!": "Előbb alkalmazd a módosított beállításokat!"
,"Neniu fotilo por forigi!": "Nincs eltávolítható kamera!"
,"Ĉu forigi kameraon ": "Kamera törlése: "
,"motionEye estas ĝisdatigita (aktuala versio: ": "A motionEye friss (jelenlegi verzió: "
,"Nova versio havebla: ": "Új verzió elérhető: "
,". Ĝisdatigi?": ". Frissíted?"
,"motionEye estis sukcese ĝisdatigita!": "A motionEye frissítése sikeres volt!"
,"Ĝisdatigo malsukcesis!": "Frissítési hiba!"
,"La ĝisdatiga procezo malsukcesis!": "A frissítés nem sikerült!"
,"Rezerva dosiero": "Biztonsági mentés"
,"La rezervan dosieron, kiun vi antaŭe elŝutis.": "a korábban letöltött biztonsági fájl."
,"Restaŭrigi Agordon": "Beállítások visszaállítása"
,"Restaŭriganta agordon ...": "Beállítások visszaállítása ..."
,"La agordo restaŭrigis!": "Sikerült a beállítások visszaállítása!"
,"Malsukcesis restaŭri la agordon!": "Nem sikerült visszaállítani a beállításokat!"
,"Aliri la alŝutan servon malsukcesis: ": "Nem sikerült elérni a feltöltési szolgáltatást: "
,"Aliri la alŝutan servon sukcesis!": "Sikerült elérni a feltöltési szolgáltatást!"
,"Sciiga retpoŝto fiaskis:": ""
,"Certiĝu, ke ĉiuj agordaj opcioj estas validaj!": ""
,"Sciiga Telegramo fiaskis:": ""
,"Sciiga Telegramo sukcesis!": ""
,"Aliro al retdividado fiaskis: ": ""
,"Aliro al retdividado sukcesis!": ""
,"Ĉu vere forigi ĉi tiun dosieron?": ""
,"Ĉu vere forigi ĉiujn bildojn de \"%(group)s\"?": ""
,"Ĉu vere forigi ĉiujn filmojn de \"%(group)s\"?": ""
,"Ĉu vere forigi ĉiujn ne grupigitajn bildojn?": ""
,"Ĉu vere forigi ĉiujn ne grupigitajn filmojn?": ""
,"aldonadi kameraon...": ""
,"Uzantnomo": ""
,"Pasvorto": "Jelszó"
,"Memoru min": ""
,"Ensaluti": ""
,"Nuligi": ""
,"Vi abortis la filmeton.": ""
,"Reto eraro okazis.": ""
,"Malkodado-eraro aŭ neprogresinta funkcio.": ""
,"Formato ne subtenata aŭ neatingebla/netaŭga por ludado.": ""
,"Nekonata eraro okazis.": ""
,"Eraro : ": ""
,"antaŭa bildo": ""
,"ludi": ""
,"ludi * 5 kaj enĉenigi": ""
,"sekva bildo": ""
,"Fermi": ""
,"Elŝuti": ""
,"Forigi": ""
,"Kamerao tipo": ""
,"Loka V4L2-kamerao": ""
,"Loka MMAL-kamerao": ""
,"Reta kamerao": ""
,"Fora motionEye kamerao": ""
,"Simpla MJPEG-kamerao": ""
,"la speco de kamerao, kiun vi volas aldoni": ""
,"URL": ""
,"http://ekzemplo.com:8765/cams/...": ""
,"la kameraa URL (ekz. http://ekzemplo.com:8080/cam/)": ""
,"uzantnomo...": ""
,"la uzantnomo por la URL, se bezonata (ekz. administranto)": ""
,"pasvorto...": ""
,"la pasvorto por la URL, se bezonata": ""
,"Kamerao": ""
,"la kameraon, kiun vi volas aldoni": ""
,"Fora motionEye kamerao estas kameraoj instalitaj malantaŭ alia servilo de MotionEye. Aldonante ilin ĉi tie permesos vin rigardi kaj administri ilin de malproksime.": ""
,"Retaj kameraoj (aŭ IP-kameraoj) estas aparatoj, kiuj denaske fluas RTSP/RTMP aŭ MJPEG-filmetojn aŭ simplajn JPEG-bildojn. Konsultu la manlibron de via aparato por ekscii la ĝustan URL RTSP, RTMP, MJPEG aŭ JPEG.": ""
,"Lokaj MMAL-kameraoj estas aparatoj konektitaj rekte al via motionEye-sistemo. Ĉi tiuj estas kutime kart-specifaj kameraoj.": ""
,"Aldonante vian aparaton kiel simplan MJPEG-kameraon anstataŭ kiel retan kameraon plibonigos la fotografaĵon, sed neniu moviĝo-detekto, bilda kaptado aŭ registrado de filmoj estos disponebla por ĝi. La kamerao devas esti alirebla por via servilo kaj via retumilo. Ĉi tiu tipo de kamerao ne kongruas kun Internet Explorer.": ""
,"Lokaj V4L2-kameraoj estas kameraaj aparatoj konektitaj rekte al via motionEye-sistemo, kutime per USB.": ""
,"Aldonadi kameraon...": ""
,"Grupo": ""
,"Inkluzivi foton prenitan ĉiun": ""
,"sekundo": ""
,"5 sekundoj": ""
,"10 sekundoj": ""
,"30 sekundoj": ""
,"minuto": ""
,"5 minutoj": ""
,"10 minutoj": ""
,"30 minutoj": ""
,"horo": ""
,"Elektu la intervalon de tempo inter du elektitaj bildoj.": ""
,"Filmo framfrekvenco": ""
,"Elektu kiom rapide vi volas ke la akselita video estu.": ""
,"Konsiderante la grandan nombron da bildoj, krei vian video povus daŭri iom da tempo!": ""
,"Krei akselita video": ""
,"Filmo kreanta en progreso...": ""
,"Zipitaj": ""
,"Akselita video": ""
,"Forigi ĉiujn": ""
,"Bildoj prenitaj de ": ""
,"Filmoj registritaj de ": ""
,"montru ĉi tiun fotilon plenekranan": ""
,"montri ĉiujn fotilojn": ""
,"montru nur ĉi tiun fotilon": ""
,"malfermaj bildoj retumilo": ""
,"malferma videoj retumilo": ""
,"agordi ĉi tiun kameraon": ""
,"preni instantaron": ""
,"Vi ankoraŭ ne agordis iun kameraon. Alklaku ĉi tie por aldoni unu ...": ""
,"enigu pozitivan nombron": ""
,"enigu pozitivan entjeran nombron": ""
,"enigu nombron": ""
,"enigu entjeran nombron": ""
," inter ": ""
," kaj ": ""
," pli ol ": ""
," malpli ol ": ""
,"enigu validan tempon en la sekva formato: HH:MM": ""
,"enigu validan URL (ekz. http://ekzemplo.com:8080/cams/)": ""
,"fermi": ""
,"Ne": ""
,"Jes": ""
,"Bone": ""
,"Auto Exposure": ""
,"Backlight Compensation": ""
,"Brightness": ""
,"Contrast": ""
,"Exposure Absolute": ""
,"Exposure Auto": ""
,"Exposure Auto Priority": ""
,"Exposure Time Absolute": ""
,"Focus Absolute": ""
,"Focus Auto": ""
,"Gain": ""
,"Gamma": ""
,"Hue": ""
,"Led1 Mode": ""
,"Led1 Frequency": ""
,"Pan Absolute": ""
,"Power Line Frequency": ""
,"Saturation": ""
,"Sharpness": ""
,"Tilt Absolute": ""
,"White Balance Temperature": ""
,"White Balance Temperature Auto": ""
,"Zoom Absolute": ""
}
